atc_level_01_code,atc_level_01_name,atc_level_02_code,atc_level_02_name,atc_level_03_code,atc_level_03_name,atc_level_04_code,atc_level_04_name,atc_level_04_note,atc_level_05_code,atc_level_05_name,atc_level_05_note,DDD_lamella,DDD_O,DDD_ointment,DDD_P,unit_lamella,unit_O,unit_ointment,unit_P
S,SENSORY ORGANS,S01,OPHTHALMOLOGICALS,S01A,ANTIINFECTIVES,S01AA,Antibiotics,DDDs have been assigned for antiglaucoma preparations only.,S01AA01,chloramphenicol,NA,NA,NA,NA,NA,NA,NA,NA,NA
S,SENSORY ORGANS,S01,OPHTHALMOLOGICALS,S01A,ANTIINFECTIVES,S01AA,Antibiotics,DDDs have been assigned for antiglaucoma preparations only.,S01AA02,chlortetracycline,NA,NA,NA,NA,NA,NA,NA,NA,NA
S,SENSORY ORGANS,S01,OPHTHALMOLOGICALS,S01A,ANTIINFECTIVES,S01AA,Antibiotics,DDDs have been assigned for antiglaucoma preparations only.,S01AA03,neomycin,NA,NA,NA,NA,NA,NA,NA,NA,NA
S,SENSORY ORGANS,S01,OPHTHALMOLOGICALS,S01A,ANTIINFECTIVES,S01AA,Antibiotics,DDDs have been assigned for antiglaucoma preparations only.,S01AA04,oxytetracycline,NA,NA,NA,NA,NA,NA,NA,NA,NA
S,SENSORY ORGANS,S01,OPHTHALMOLOGICALS,S01A,ANTIINFECTIVES,S01AA,Antibiotics,DDDs have been assigned for antiglaucoma preparations only.,S01AA05,tyrothricin,NA,NA,NA,NA,NA,NA,NA,NA,NA
S,SENSORY ORGANS,S01,OPHTHALMOLOGICALS,S01A,ANTIINFECTIVES,S01AA,Antibiotics,DDDs have been assigned for antiglaucoma preparations only.,S01AA07,framycetin,NA,NA,NA,NA,NA,NA,NA,NA,NA
S,SENSORY ORGANS,S01,OPHTHALMOLOGICALS,S01A,ANTIINFECTIVES,S01AA,Antibiotics,DDDs have been assigned for antiglaucoma preparations only.,S01AA09,tetracycline,NA,NA,NA,NA,NA,NA,NA,NA,NA
S,SENSORY ORGANS,S01,OPHTHALMOLOGICALS,S01A,ANTIINFECTIVES,S01AA,Antibiotics,DDDs have been assigned for antiglaucoma preparations only.,S01AA10,natamycin,NA,NA,NA,NA,NA,NA,NA,NA,NA
S,SENSORY ORGANS,S01,OPHTHALMOLOGICALS,S01A,ANTIINFECTIVES,S01AA,Antibiotics,DDDs have been assigned for antiglaucoma preparations only.,S01AA11,gentamicin,NA,NA,NA,NA,NA,NA,NA,NA,NA
S,SENSORY ORGANS,S01,OPHTHALMOLOGICALS,S01A,ANTIINFECTIVES,S01AA,Antibiotics,DDDs have been assigned for antiglaucoma preparations only.,S01AA12,tobramycin,NA,NA,NA,NA,NA,NA,NA,NA,NA
S,SENSORY ORGANS,S01,OPHTHALMOLOGICALS,S01A,ANTIINFECTIVES,S01AA,Antibiotics,DDDs have been assigned for antiglaucoma preparations only.,S01AA13,fusidic acid,NA,NA,NA,NA,NA,NA,NA,NA,NA
S,SENSORY ORGANS,S01,OPHTHALMOLOGICALS,S01A,ANTIINFECTIVES,S01AA,Antibiotics,DDDs have been assigned for antiglaucoma preparations only.,S01AA14,benzylpenicillin,NA,NA,NA,NA,NA,NA,NA,NA,NA
S,SENSORY ORGANS,S01,OPHTHALMOLOGICALS,S01A,ANTIINFECTIVES,S01AA,Antibiotics,DDDs have been assigned for antiglaucoma preparations only.,S01AA15,dihydrostreptomycin,NA,NA,NA,NA,NA,NA,NA,NA,NA
S,SENSORY ORGANS,S01,OPHTHALMOLOGICALS,S01A,ANTIINFECTIVES,S01AA,Antibiotics,DDDs have been assigned for antiglaucoma preparations only.,S01AA16,rifamycin,NA,NA,NA,NA,NA,NA,NA,NA,NA
S,SENSORY ORGANS,S01,OPHTHALMOLOGICALS,S01A,ANTIINFECTIVES,S01AA,Antibiotics,DDDs have been assigned for antiglaucoma preparations only.,S01AA17,erythromycin,NA,NA,NA,NA,NA,NA,NA,NA,NA
S,SENSORY ORGANS,S01,OPHTHALMOLOGICALS,S01A,ANTIINFECTIVES,S01AA,Antibiotics,DDDs have been assigned for antiglaucoma preparations only.,S01AA18,polymyxin B,NA,NA,NA,NA,NA,NA,NA,NA,NA
S,SENSORY ORGANS,S01,OPHTHALMOLOGICALS,S01A,ANTIINFECTIVES,S01AA,Antibiotics,DDDs have been assigned for antiglaucoma preparations only.,S01AA19,ampicillin,NA,NA,NA,NA,NA,NA,NA,NA,NA
S,SENSORY ORGANS,S01,OPHTHALMOLOGICALS,S01A,ANTIINFECTIVES,S01AA,Antibiotics,DDDs have been assigned for antiglaucoma preparations only.,S01AA20,antibiotics in combination with other drugs,NA,NA,NA,NA,NA,NA,NA,NA,NA
S,SENSORY ORGANS,S01,OPHTHALMOLOGICALS,S01A,ANTIINFECTIVES,S01AA,Antibiotics,DDDs have been assigned for antiglaucoma preparations only.,S01AA21,amikacin,NA,NA,NA,NA,NA,NA,NA,NA,NA
S,SENSORY ORGANS,S01,OPHTHALMOLOGICALS,S01A,ANTIINFECTIVES,S01AA,Antibiotics,DDDs have been assigned for antiglaucoma preparations only.,S01AA22,micronomicin,NA,NA,NA,NA,NA,NA,NA,NA,NA
S,SENSORY ORGANS,S01,OPHTHALMOLOGICALS,S01A,ANTIINFECTIVES,S01AA,Antibiotics,DDDs have been assigned for antiglaucoma preparations only.,S01AA23,netilmicin,NA,NA,NA,NA,NA,NA,NA,NA,NA
S,SENSORY ORGANS,S01,OPHTHALMOLOGICALS,S01A,ANTIINFECTIVES,S01AA,Antibiotics,DDDs have been assigned for antiglaucoma preparations only.,S01AA24,kanamycin,NA,NA,NA,NA,NA,NA,NA,NA,NA
S,SENSORY ORGANS,S01,OPHTHALMOLOGICALS,S01A,ANTIINFECTIVES,S01AA,Antibiotics,DDDs have been assigned for antiglaucoma preparations only.,S01AA25,azidamfenicol,NA,NA,NA,NA,NA,NA,NA,NA,NA
S,SENSORY ORGANS,S01,OPHTHALMOLOGICALS,S01A,ANTIINFECTIVES,S01AA,Antibiotics,DDDs have been assigned for antiglaucoma preparations only.,S01AA26,azithromycin,NA,NA,NA,NA,NA,NA,NA,NA,NA
S,SENSORY ORGANS,S01,OPHTHALMOLOGICALS,S01A,ANTIINFECTIVES,S01AA,Antibiotics,DDDs have been assigned for antiglaucoma preparations only.,S01AA27,cefuroxime,NA,NA,NA,NA,NA,NA,NA,NA,NA
S,SENSORY ORGANS,S01,OPHTHALMOLOGICALS,S01A,ANTIINFECTIVES,S01AA,Antibiotics,DDDs have been assigned for antiglaucoma preparations only.,S01AA28,vancomycin,NA,NA,NA,NA,NA,NA,NA,NA,NA
S,SENSORY ORGANS,S01,OPHTHALMOLOGICALS,S01A,ANTIINFECTIVES,S01AA,Antibiotics,DDDs have been assigned for antiglaucoma preparations only.,S01AA29,dibekacin,NA,NA,NA,NA,NA,NA,NA,NA,NA
S,SENSORY ORGANS,S01,OPHTHALMOLOGICALS,S01A,ANTIINFECTIVES,S01AA,Antibiotics,DDDs have been assigned for antiglaucoma preparations only.,S01AA30,combinations of different antibiotics,NA,NA,NA,NA,NA,NA,NA,NA,NA
S,SENSORY ORGANS,S01,OPHTHALMOLOGICALS,S01A,ANTIINFECTIVES,S01AA,Antibiotics,DDDs have been assigned for antiglaucoma preparations only.,S01AA31,cefmenoxime,NA,NA,NA,NA,NA,NA,NA,NA,NA
S,SENSORY ORGANS,S01,OPHTHALMOLOGICALS,S01A,ANTIINFECTIVES,S01AA,Antibiotics,DDDs have been assigned for antiglaucoma preparations only.,S01AA32,bacitracin,NA,NA,NA,NA,NA,NA,NA,NA,NA
S,SENSORY ORGANS,S01,OPHTHALMOLOGICALS,S01A,ANTIINFECTIVES,S01AB,Sulfonamides,DDDs have been assigned for antiglaucoma preparations only.,S01AB01,sulfamethizole,NA,NA,NA,NA,NA,NA,NA,NA,NA
S,SENSORY ORGANS,S01,OPHTHALMOLOGICALS,S01A,ANTIINFECTIVES,S01AB,Sulfonamides,DDDs have been assigned for antiglaucoma preparations only.,S01AB02,sulfafurazole,NA,NA,NA,NA,NA,NA,NA,NA,NA
S,SENSORY ORGANS,S01,OPHTHALMOLOGICALS,S01A,ANTIINFECTIVES,S01AB,Sulfonamides,DDDs have been assigned for antiglaucoma preparations only.,S01AB03,sulfadicramide,NA,NA,NA,NA,NA,NA,NA,NA,NA
S,SENSORY ORGANS,S01,OPHTHALMOLOGICALS,S01A,ANTIINFECTIVES,S01AB,Sulfonamides,DDDs have been assigned for antiglaucoma preparations only.,S01AB04,sulfacetamide,NA,NA,NA,NA,NA,NA,NA,NA,NA
S,SENSORY ORGANS,S01,OPHTHALMOLOGICALS,S01A,ANTIINFECTIVES,S01AB,Sulfonamides,DDDs have been assigned for antiglaucoma preparations only.,S01AB05,sulfafenazol,NA,NA,NA,NA,NA,NA,NA,NA,NA
S,SENSORY ORGANS,S01,OPHTHALMOLOGICALS,S01A,ANTIINFECTIVES,S01AD,Antivirals,DDDs have been assigned for antiglaucoma preparations only.,S01AD01,idoxuridine,NA,NA,NA,NA,NA,NA,NA,NA,NA
S,SENSORY ORGANS,S01,OPHTHALMOLOGICALS,S01A,ANTIINFECTIVES,S01AD,Antivirals,DDDs have been assigned for antiglaucoma preparations only.,S01AD02,trifluridine,NA,NA,NA,NA,NA,NA,NA,NA,NA
S,SENSORY ORGANS,S01,OPHTHALMOLOGICALS,S01A,ANTIINFECTIVES,S01AD,Antivirals,DDDs have been assigned for antiglaucoma preparations only.,S01AD03,aciclovir,NA,NA,NA,NA,NA,NA,NA,NA,NA
S,SENSORY ORGANS,S01,OPHTHALMOLOGICALS,S01A,ANTIINFECTIVES,S01AD,Antivirals,DDDs have been assigned for antiglaucoma preparations only.,S01AD05,interferon,NA,NA,NA,NA,NA,NA,NA,NA,NA
S,SENSORY ORGANS,S01,OPHTHALMOLOGICALS,S01A,ANTIINFECTIVES,S01AD,Antivirals,DDDs have been assigned for antiglaucoma preparations only.,S01AD06,vidarabine,NA,NA,NA,NA,NA,NA,NA,NA,NA
S,SENSORY ORGANS,S01,OPHTHALMOLOGICALS,S01A,ANTIINFECTIVES,S01AD,Antivirals,DDDs have been assigned for antiglaucoma preparations only.,S01AD07,famciclovir,NA,NA,NA,NA,NA,NA,NA,NA,NA
S,SENSORY ORGANS,S01,OPHTHALMOLOGICALS,S01A,ANTIINFECTIVES,S01AD,Antivirals,DDDs have been assigned for antiglaucoma preparations only.,S01AD08,fomivirsen,NA,NA,NA,NA,NA,NA,NA,NA,NA
S,SENSORY ORGANS,S01,OPHTHALMOLOGICALS,S01A,ANTIINFECTIVES,S01AD,Antivirals,DDDs have been assigned for antiglaucoma preparations only.,S01AD09,ganciclovir,NA,NA,NA,NA,NA,NA,NA,NA,NA
S,SENSORY ORGANS,S01,OPHTHALMOLOGICALS,S01A,ANTIINFECTIVES,S01AE,Fluoroquinolones,DDDs have been assigned for antiglaucoma preparations only.,S01AE01,ofloxacin,NA,NA,NA,NA,NA,NA,NA,NA,NA
S,SENSORY ORGANS,S01,OPHTHALMOLOGICALS,S01A,ANTIINFECTIVES,S01AE,Fluoroquinolones,DDDs have been assigned for antiglaucoma preparations only.,S01AE02,norfloxacin,NA,NA,NA,NA,NA,NA,NA,NA,NA
S,SENSORY ORGANS,S01,OPHTHALMOLOGICALS,S01A,ANTIINFECTIVES,S01AE,Fluoroquinolones,DDDs have been assigned for antiglaucoma preparations only.,S01AE03,ciprofloxacin,NA,NA,NA,NA,NA,NA,NA,NA,NA
S,SENSORY ORGANS,S01,OPHTHALMOLOGICALS,S01A,ANTIINFECTIVES,S01AE,Fluoroquinolones,DDDs have been assigned for antiglaucoma preparations only.,S01AE04,lomefloxacin,NA,NA,NA,NA,NA,NA,NA,NA,NA
S,SENSORY ORGANS,S01,OPHTHALMOLOGICALS,S01A,ANTIINFECTIVES,S01AE,Fluoroquinolones,DDDs have been assigned for antiglaucoma preparations only.,S01AE05,levofloxacin,NA,NA,NA,NA,NA,NA,NA,NA,NA
S,SENSORY ORGANS,S01,OPHTHALMOLOGICALS,S01A,ANTIINFECTIVES,S01AE,Fluoroquinolones,DDDs have been assigned for antiglaucoma preparations only.,S01AE06,gatifloxacin,NA,NA,NA,NA,NA,NA,NA,NA,NA
S,SENSORY ORGANS,S01,OPHTHALMOLOGICALS,S01A,ANTIINFECTIVES,S01AE,Fluoroquinolones,DDDs have been assigned for antiglaucoma preparations only.,S01AE07,moxifloxacin,NA,NA,NA,NA,NA,NA,NA,NA,NA
S,SENSORY ORGANS,S01,OPHTHALMOLOGICALS,S01A,ANTIINFECTIVES,S01AE,Fluoroquinolones,DDDs have been assigned for antiglaucoma preparations only.,S01AE08,besifloxacin,NA,NA,NA,NA,NA,NA,NA,NA,NA
S,SENSORY ORGANS,S01,OPHTHALMOLOGICALS,S01A,ANTIINFECTIVES,S01AE,Fluoroquinolones,DDDs have been assigned for antiglaucoma preparations only.,S01AE09,tosufloxacin,NA,NA,NA,NA,NA,NA,NA,NA,NA
S,SENSORY ORGANS,S01,OPHTHALMOLOGICALS,S01A,ANTIINFECTIVES,S01AX,Other antiinfectives,DDDs have been assigned for antiglaucoma preparations only.,S01AX01,mercury compounds,NA,NA,NA,NA,NA,NA,NA,NA,NA
S,SENSORY ORGANS,S01,OPHTHALMOLOGICALS,S01A,ANTIINFECTIVES,S01AX,Other antiinfectives,DDDs have been assigned for antiglaucoma preparations only.,S01AX02,silver compounds,NA,NA,NA,NA,NA,NA,NA,NA,NA
S,SENSORY ORGANS,S01,OPHTHALMOLOGICALS,S01A,ANTIINFECTIVES,S01AX,Other antiinfectives,DDDs have been assigned for antiglaucoma preparations only.,S01AX03,zinc compounds,NA,NA,NA,NA,NA,NA,NA,NA,NA
S,SENSORY ORGANS,S01,OPHTHALMOLOGICALS,S01A,ANTIINFECTIVES,S01AX,Other antiinfectives,DDDs have been assigned for antiglaucoma preparations only.,S01AX04,nitrofural,NA,NA,NA,NA,NA,NA,NA,NA,NA
S,SENSORY ORGANS,S01,OPHTHALMOLOGICALS,S01A,ANTIINFECTIVES,S01AX,Other antiinfectives,DDDs have been assigned for antiglaucoma preparations only.,S01AX05,bibrocathol,NA,NA,NA,NA,NA,NA,NA,NA,NA
S,SENSORY ORGANS,S01,OPHTHALMOLOGICALS,S01A,ANTIINFECTIVES,S01AX,Other antiinfectives,DDDs have been assigned for antiglaucoma preparations only.,S01AX06,resorcinol,NA,NA,NA,NA,NA,NA,NA,NA,NA
S,SENSORY ORGANS,S01,OPHTHALMOLOGICALS,S01A,ANTIINFECTIVES,S01AX,Other antiinfectives,DDDs have been assigned for antiglaucoma preparations only.,S01AX07,sodium borate,NA,NA,NA,NA,NA,NA,NA,NA,NA
S,SENSORY ORGANS,S01,OPHTHALMOLOGICALS,S01A,ANTIINFECTIVES,S01AX,Other antiinfectives,DDDs have been assigned for antiglaucoma preparations only.,S01AX08,hexamidine,NA,NA,NA,NA,NA,NA,NA,NA,NA
S,SENSORY ORGANS,S01,OPHTHALMOLOGICALS,S01A,ANTIINFECTIVES,S01AX,Other antiinfectives,DDDs have been assigned for antiglaucoma preparations only.,S01AX09,chlorhexidine,NA,NA,NA,NA,NA,NA,NA,NA,NA
S,SENSORY ORGANS,S01,OPHTHALMOLOGICALS,S01A,ANTIINFECTIVES,S01AX,Other antiinfectives,DDDs have been assigned for antiglaucoma preparations only.,S01AX10,sodium propionate,NA,NA,NA,NA,NA,NA,NA,NA,NA
S,SENSORY ORGANS,S01,OPHTHALMOLOGICALS,S01A,ANTIINFECTIVES,S01AX,Other antiinfectives,DDDs have been assigned for antiglaucoma preparations only.,S01AX14,dibrompropamidine,NA,NA,NA,NA,NA,NA,NA,NA,NA
S,SENSORY ORGANS,S01,OPHTHALMOLOGICALS,S01A,ANTIINFECTIVES,S01AX,Other antiinfectives,DDDs have been assigned for antiglaucoma preparations only.,S01AX15,propamidine,NA,NA,NA,NA,NA,NA,NA,NA,NA
S,SENSORY ORGANS,S01,OPHTHALMOLOGICALS,S01A,ANTIINFECTIVES,S01AX,Other antiinfectives,DDDs have been assigned for antiglaucoma preparations only.,S01AX16,picloxydine,NA,NA,NA,NA,NA,NA,NA,NA,NA
S,SENSORY ORGANS,S01,OPHTHALMOLOGICALS,S01A,ANTIINFECTIVES,S01AX,Other antiinfectives,DDDs have been assigned for antiglaucoma preparations only.,S01AX18,povidone-iodine,NA,NA,NA,NA,NA,NA,NA,NA,NA
S,SENSORY ORGANS,S01,OPHTHALMOLOGICALS,S01A,ANTIINFECTIVES,S01AX,Other antiinfectives,DDDs have been assigned for antiglaucoma preparations only.,S01AX24,polihexanide,NA,NA,NA,NA,NA,NA,NA,NA,NA
S,SENSORY ORGANS,S01,OPHTHALMOLOGICALS,S01B,ANTIINFLAMMATORY AGENTS,S01BA,"Corticosteroids, plain",DDDs have been assigned for antiglaucoma preparations only.,S01BA01,dexamethasone,NA,NA,NA,NA,NA,NA,NA,NA,NA
S,SENSORY ORGANS,S01,OPHTHALMOLOGICALS,S01B,ANTIINFLAMMATORY AGENTS,S01BA,"Corticosteroids, plain",DDDs have been assigned for antiglaucoma preparations only.,S01BA02,hydrocortisone,NA,NA,NA,NA,NA,NA,NA,NA,NA
S,SENSORY ORGANS,S01,OPHTHALMOLOGICALS,S01B,ANTIINFLAMMATORY AGENTS,S01BA,"Corticosteroids, plain",DDDs have been assigned for antiglaucoma preparations only.,S01BA03,cortisone,NA,NA,NA,NA,NA,NA,NA,NA,NA
S,SENSORY ORGANS,S01,OPHTHALMOLOGICALS,S01B,ANTIINFLAMMATORY AGENTS,S01BA,"Corticosteroids, plain",DDDs have been assigned for antiglaucoma preparations only.,S01BA04,prednisolone,NA,NA,NA,NA,NA,NA,NA,NA,NA
S,SENSORY ORGANS,S01,OPHTHALMOLOGICALS,S01B,ANTIINFLAMMATORY AGENTS,S01BA,"Corticosteroids, plain",DDDs have been assigned for antiglaucoma preparations only.,S01BA05,triamcinolone,NA,NA,NA,NA,NA,NA,NA,NA,NA
S,SENSORY ORGANS,S01,OPHTHALMOLOGICALS,S01B,ANTIINFLAMMATORY AGENTS,S01BA,"Corticosteroids, plain",DDDs have been assigned for antiglaucoma preparations only.,S01BA06,betamethasone,NA,NA,NA,NA,NA,NA,NA,NA,NA
S,SENSORY ORGANS,S01,OPHTHALMOLOGICALS,S01B,ANTIINFLAMMATORY AGENTS,S01BA,"Corticosteroids, plain",DDDs have been assigned for antiglaucoma preparations only.,S01BA07,fluorometholone,NA,NA,NA,NA,NA,NA,NA,NA,NA
S,SENSORY ORGANS,S01,OPHTHALMOLOGICALS,S01B,ANTIINFLAMMATORY AGENTS,S01BA,"Corticosteroids, plain",DDDs have been assigned for antiglaucoma preparations only.,S01BA08,medrysone,NA,NA,NA,NA,NA,NA,NA,NA,NA
S,SENSORY ORGANS,S01,OPHTHALMOLOGICALS,S01B,ANTIINFLAMMATORY AGENTS,S01BA,"Corticosteroids, plain",DDDs have been assigned for antiglaucoma preparations only.,S01BA09,clobetasone,NA,NA,NA,NA,NA,NA,NA,NA,NA
S,SENSORY ORGANS,S01,OPHTHALMOLOGICALS,S01B,ANTIINFLAMMATORY AGENTS,S01BA,"Corticosteroids, plain",DDDs have been assigned for antiglaucoma preparations only.,S01BA10,alclometasone,NA,NA,NA,NA,NA,NA,NA,NA,NA
S,SENSORY ORGANS,S01,OPHTHALMOLOGICALS,S01B,ANTIINFLAMMATORY AGENTS,S01BA,"Corticosteroids, plain",DDDs have been assigned for antiglaucoma preparations only.,S01BA11,desonide,NA,NA,NA,NA,NA,NA,NA,NA,NA
S,SENSORY ORGANS,S01,OPHTHALMOLOGICALS,S01B,ANTIINFLAMMATORY AGENTS,S01BA,"Corticosteroids, plain",DDDs have been assigned for antiglaucoma preparations only.,S01BA12,formocortal,NA,NA,NA,NA,NA,NA,NA,NA,NA
S,SENSORY ORGANS,S01,OPHTHALMOLOGICALS,S01B,ANTIINFLAMMATORY AGENTS,S01BA,"Corticosteroids, plain",DDDs have been assigned for antiglaucoma preparations only.,S01BA13,rimexolone,NA,NA,NA,NA,NA,NA,NA,NA,NA
S,SENSORY ORGANS,S01,OPHTHALMOLOGICALS,S01B,ANTIINFLAMMATORY AGENTS,S01BA,"Corticosteroids, plain",DDDs have been assigned for antiglaucoma preparations only.,S01BA14,loteprednol,NA,NA,NA,NA,NA,NA,NA,NA,NA
S,SENSORY ORGANS,S01,OPHTHALMOLOGICALS,S01B,ANTIINFLAMMATORY AGENTS,S01BA,"Corticosteroids, plain",DDDs have been assigned for antiglaucoma preparations only.,S01BA15,fluocinolone acetonide,NA,NA,NA,NA,NA,NA,NA,NA,NA
S,SENSORY ORGANS,S01,OPHTHALMOLOGICALS,S01B,ANTIINFLAMMATORY AGENTS,S01BA,"Corticosteroids, plain",DDDs have been assigned for antiglaucoma preparations only.,S01BA16,difluprednate,NA,NA,NA,NA,NA,NA,NA,NA,NA
S,SENSORY ORGANS,S01,OPHTHALMOLOGICALS,S01B,ANTIINFLAMMATORY AGENTS,S01BB,Corticosteroids and mydriatics in combination,DDDs have been assigned for antiglaucoma preparations only.,S01BB01,hydrocortisone and mydriatics,NA,NA,NA,NA,NA,NA,NA,NA,NA
S,SENSORY ORGANS,S01,OPHTHALMOLOGICALS,S01B,ANTIINFLAMMATORY AGENTS,S01BB,Corticosteroids and mydriatics in combination,DDDs have been assigned for antiglaucoma preparations only.,S01BB02,prednisolone and mydriatics,NA,NA,NA,NA,NA,NA,NA,NA,NA
S,SENSORY ORGANS,S01,OPHTHALMOLOGICALS,S01B,ANTIINFLAMMATORY AGENTS,S01BB,Corticosteroids and mydriatics in combination,DDDs have been assigned for antiglaucoma preparations only.,S01BB03,fluorometholone and mydriatics,NA,NA,NA,NA,NA,NA,NA,NA,NA
S,SENSORY ORGANS,S01,OPHTHALMOLOGICALS,S01B,ANTIINFLAMMATORY AGENTS,S01BB,Corticosteroids and mydriatics in combination,DDDs have been assigned for antiglaucoma preparations only.,S01BB04,betamethasone and mydriatics,NA,NA,NA,NA,NA,NA,NA,NA,NA
S,SENSORY ORGANS,S01,OPHTHALMOLOGICALS,S01B,ANTIINFLAMMATORY AGENTS,S01BC,"Antiinflammatory agents, non-steroids",DDDs have been assigned for antiglaucoma preparations only.,S01BC01,indometacin,NA,NA,NA,NA,NA,NA,NA,NA,NA
S,SENSORY ORGANS,S01,OPHTHALMOLOGICALS,S01B,ANTIINFLAMMATORY AGENTS,S01BC,"Antiinflammatory agents, non-steroids",DDDs have been assigned for antiglaucoma preparations only.,S01BC02,oxyphenbutazone,NA,NA,NA,NA,NA,NA,NA,NA,NA
S,SENSORY ORGANS,S01,OPHTHALMOLOGICALS,S01B,ANTIINFLAMMATORY AGENTS,S01BC,"Antiinflammatory agents, non-steroids",DDDs have been assigned for antiglaucoma preparations only.,S01BC03,diclofenac,NA,NA,NA,NA,NA,NA,NA,NA,NA
S,SENSORY ORGANS,S01,OPHTHALMOLOGICALS,S01B,ANTIINFLAMMATORY AGENTS,S01BC,"Antiinflammatory agents, non-steroids",DDDs have been assigned for antiglaucoma preparations only.,S01BC04,flurbiprofen,NA,NA,NA,NA,NA,NA,NA,NA,NA
S,SENSORY ORGANS,S01,OPHTHALMOLOGICALS,S01B,ANTIINFLAMMATORY AGENTS,S01BC,"Antiinflammatory agents, non-steroids",DDDs have been assigned for antiglaucoma preparations only.,S01BC05,ketorolac,NA,NA,NA,NA,NA,NA,NA,NA,NA
S,SENSORY ORGANS,S01,OPHTHALMOLOGICALS,S01B,ANTIINFLAMMATORY AGENTS,S01BC,"Antiinflammatory agents, non-steroids",DDDs have been assigned for antiglaucoma preparations only.,S01BC06,piroxicam,NA,NA,NA,NA,NA,NA,NA,NA,NA
S,SENSORY ORGANS,S01,OPHTHALMOLOGICALS,S01B,ANTIINFLAMMATORY AGENTS,S01BC,"Antiinflammatory agents, non-steroids",DDDs have been assigned for antiglaucoma preparations only.,S01BC07,bendazac,NA,NA,NA,NA,NA,NA,NA,NA,NA
S,SENSORY ORGANS,S01,OPHTHALMOLOGICALS,S01B,ANTIINFLAMMATORY AGENTS,S01BC,"Antiinflammatory agents, non-steroids",DDDs have been assigned for antiglaucoma preparations only.,S01BC08,salicylic acid,NA,NA,NA,NA,NA,NA,NA,NA,NA
S,SENSORY ORGANS,S01,OPHTHALMOLOGICALS,S01B,ANTIINFLAMMATORY AGENTS,S01BC,"Antiinflammatory agents, non-steroids",DDDs have been assigned for antiglaucoma preparations only.,S01BC09,pranoprofen,NA,NA,NA,NA,NA,NA,NA,NA,NA
S,SENSORY ORGANS,S01,OPHTHALMOLOGICALS,S01B,ANTIINFLAMMATORY AGENTS,S01BC,"Antiinflammatory agents, non-steroids",DDDs have been assigned for antiglaucoma preparations only.,S01BC10,nepafenac,NA,NA,NA,NA,NA,NA,NA,NA,NA
S,SENSORY ORGANS,S01,OPHTHALMOLOGICALS,S01B,ANTIINFLAMMATORY AGENTS,S01BC,"Antiinflammatory agents, non-steroids",DDDs have been assigned for antiglaucoma preparations only.,S01BC11,bromfenac,NA,NA,NA,NA,NA,NA,NA,NA,NA
S,SENSORY ORGANS,S01,OPHTHALMOLOGICALS,S01C,ANTIINFLAMMATORY AGENTS AND ANTIINFECTIVES IN COMBINATION,S01CA,Corticosteroids and antiinfectives in combination,DDDs have been assigned for antiglaucoma preparations only.,S01CA01,dexamethasone and antiinfectives,NA,NA,NA,NA,NA,NA,NA,NA,NA
S,SENSORY ORGANS,S01,OPHTHALMOLOGICALS,S01C,ANTIINFLAMMATORY AGENTS AND ANTIINFECTIVES IN COMBINATION,S01CA,Corticosteroids and antiinfectives in combination,DDDs have been assigned for antiglaucoma preparations only.,S01CA02,prednisolone and antiinfectives,NA,NA,NA,NA,NA,NA,NA,NA,NA
S,SENSORY ORGANS,S01,OPHTHALMOLOGICALS,S01C,ANTIINFLAMMATORY AGENTS AND ANTIINFECTIVES IN COMBINATION,S01CA,Corticosteroids and antiinfectives in combination,DDDs have been assigned for antiglaucoma preparations only.,S01CA03,hydrocortisone and antiinfectives,NA,NA,NA,NA,NA,NA,NA,NA,NA
S,SENSORY ORGANS,S01,OPHTHALMOLOGICALS,S01C,ANTIINFLAMMATORY AGENTS AND ANTIINFECTIVES IN COMBINATION,S01CA,Corticosteroids and antiinfectives in combination,DDDs have been assigned for antiglaucoma preparations only.,S01CA04,fluocortolone and antiinfectives,NA,NA,NA,NA,NA,NA,NA,NA,NA
S,SENSORY ORGANS,S01,OPHTHALMOLOGICALS,S01C,ANTIINFLAMMATORY AGENTS AND ANTIINFECTIVES IN COMBINATION,S01CA,Corticosteroids and antiinfectives in combination,DDDs have been assigned for antiglaucoma preparations only.,S01CA05,betamethasone and antiinfectives,NA,NA,NA,NA,NA,NA,NA,NA,NA
S,SENSORY ORGANS,S01,OPHTHALMOLOGICALS,S01C,ANTIINFLAMMATORY AGENTS AND ANTIINFECTIVES IN COMBINATION,S01CA,Corticosteroids and antiinfectives in combination,DDDs have been assigned for antiglaucoma preparations only.,S01CA06,fludrocortisone and antiinfectives,NA,NA,NA,NA,NA,NA,NA,NA,NA
S,SENSORY ORGANS,S01,OPHTHALMOLOGICALS,S01C,ANTIINFLAMMATORY AGENTS AND ANTIINFECTIVES IN COMBINATION,S01CA,Corticosteroids and antiinfectives in combination,DDDs have been assigned for antiglaucoma preparations only.,S01CA07,fluorometholone and antiinfectives,NA,NA,NA,NA,NA,NA,NA,NA,NA
S,SENSORY ORGANS,S01,OPHTHALMOLOGICALS,S01C,ANTIINFLAMMATORY AGENTS AND ANTIINFECTIVES IN COMBINATION,S01CA,Corticosteroids and antiinfectives in combination,DDDs have been assigned for antiglaucoma preparations only.,S01CA08,methylprednisolone and antiinfectives,NA,NA,NA,NA,NA,NA,NA,NA,NA
S,SENSORY ORGANS,S01,OPHTHALMOLOGICALS,S01C,ANTIINFLAMMATORY AGENTS AND ANTIINFECTIVES IN COMBINATION,S01CA,Corticosteroids and antiinfectives in combination,DDDs have been assigned for antiglaucoma preparations only.,S01CA09,chloroprednisone and antiinfectives,NA,NA,NA,NA,NA,NA,NA,NA,NA
S,SENSORY ORGANS,S01,OPHTHALMOLOGICALS,S01C,ANTIINFLAMMATORY AGENTS AND ANTIINFECTIVES IN COMBINATION,S01CA,Corticosteroids and antiinfectives in combination,DDDs have been assigned for antiglaucoma preparations only.,S01CA10,fluocinolone acetonide and antiinfectives,NA,NA,NA,NA,NA,NA,NA,NA,NA
S,SENSORY ORGANS,S01,OPHTHALMOLOGICALS,S01C,ANTIINFLAMMATORY AGENTS AND ANTIINFECTIVES IN COMBINATION,S01CA,Corticosteroids and antiinfectives in combination,DDDs have been assigned for antiglaucoma preparations only.,S01CA11,clobetasone and antiinfectives,NA,NA,NA,NA,NA,NA,NA,NA,NA
S,SENSORY ORGANS,S01,OPHTHALMOLOGICALS,S01C,ANTIINFLAMMATORY AGENTS AND ANTIINFECTIVES IN COMBINATION,S01CA,Corticosteroids and antiinfectives in combination,DDDs have been assigned for antiglaucoma preparations only.,S01CA12,loteprednol and antiinfectives,NA,NA,NA,NA,NA,NA,NA,NA,NA
S,SENSORY ORGANS,S01,OPHTHALMOLOGICALS,S01C,ANTIINFLAMMATORY AGENTS AND ANTIINFECTIVES IN COMBINATION,S01CB,Corticosteroids/antiinfectives/mydriatics in combination,DDDs have been assigned for antiglaucoma preparations only.,S01CB01,dexamethasone,NA,NA,NA,NA,NA,NA,NA,NA,NA
S,SENSORY ORGANS,S01,OPHTHALMOLOGICALS,S01C,ANTIINFLAMMATORY AGENTS AND ANTIINFECTIVES IN COMBINATION,S01CB,Corticosteroids/antiinfectives/mydriatics in combination,DDDs have been assigned for antiglaucoma preparations only.,S01CB02,prednisolone,NA,NA,NA,NA,NA,NA,NA,NA,NA
S,SENSORY ORGANS,S01,OPHTHALMOLOGICALS,S01C,ANTIINFLAMMATORY AGENTS AND ANTIINFECTIVES IN COMBINATION,S01CB,Corticosteroids/antiinfectives/mydriatics in combination,DDDs have been assigned for antiglaucoma preparations only.,S01CB03,hydrocortisone,NA,NA,NA,NA,NA,NA,NA,NA,NA
S,SENSORY ORGANS,S01,OPHTHALMOLOGICALS,S01C,ANTIINFLAMMATORY AGENTS AND ANTIINFECTIVES IN COMBINATION,S01CB,Corticosteroids/antiinfectives/mydriatics in combination,DDDs have been assigned for antiglaucoma preparations only.,S01CB04,betamethasone,NA,NA,NA,NA,NA,NA,NA,NA,NA
S,SENSORY ORGANS,S01,OPHTHALMOLOGICALS,S01C,ANTIINFLAMMATORY AGENTS AND ANTIINFECTIVES IN COMBINATION,S01CB,Corticosteroids/antiinfectives/mydriatics in combination,DDDs have been assigned for antiglaucoma preparations only.,S01CB05,fluorometholone,NA,NA,NA,NA,NA,NA,NA,NA,NA
S,SENSORY ORGANS,S01,OPHTHALMOLOGICALS,S01C,ANTIINFLAMMATORY AGENTS AND ANTIINFECTIVES IN COMBINATION,S01CC,"Antiinflammatory agents, non-steroids and antiinfectives in combination",DDDs have been assigned for antiglaucoma preparations only.,S01CC01,diclofenac and antiinfectives,NA,NA,NA,NA,NA,NA,NA,NA,NA
S,SENSORY ORGANS,S01,OPHTHALMOLOGICALS,S01C,ANTIINFLAMMATORY AGENTS AND ANTIINFECTIVES IN COMBINATION,S01CC,"Antiinflammatory agents, non-steroids and antiinfectives in combination",DDDs have been assigned for antiglaucoma preparations only.,S01CC02,indometacin and antiinfectives,NA,NA,NA,NA,NA,NA,NA,NA,NA
S,SENSORY ORGANS,S01,OPHTHALMOLOGICALS,S01E,ANTIGLAUCOMA PREPARATIONS AND MIOTICS,S01EA,Sympathomimetics in glaucoma therapy,"DDDs have been assigned for antiglaucoma preparations only. The DDDs are based on single dose (or single package) and administration frequencies.  A single dose is defined as two eye drops (one in each eye) corresponding to 0.1 ml.  For eye drops administered once daily the DDD is 0.1 ml, for eye drops administered twice daily the DDD is 0.2 ml, etc. For single use packages one dose is the volume of one package.  This also applies for combinations.  In eye ointments one dose corresponds to about 10 mm (20 mg) per eye thus corresponding to 40 mg for both eyes.",S01EA01,epinephrine,NA,NA,NA,NA,NA,NA,NA,NA,NA
S,SENSORY ORGANS,S01,OPHTHALMOLOGICALS,S01E,ANTIGLAUCOMA PREPARATIONS AND MIOTICS,S01EA,Sympathomimetics in glaucoma therapy,"DDDs have been assigned for antiglaucoma preparations only. The DDDs are based on single dose (or single package) and administration frequencies.  A single dose is defined as two eye drops (one in each eye) corresponding to 0.1 ml.  For eye drops administered once daily the DDD is 0.1 ml, for eye drops administered twice daily the DDD is 0.2 ml, etc. For single use packages one dose is the volume of one package.  This also applies for combinations.  In eye ointments one dose corresponds to about 10 mm (20 mg) per eye thus corresponding to 40 mg for both eyes.",S01EA02,dipivefrine,NA,NA,NA,NA,NA,NA,NA,NA,NA
S,SENSORY ORGANS,S01,OPHTHALMOLOGICALS,S01E,ANTIGLAUCOMA PREPARATIONS AND MIOTICS,S01EA,Sympathomimetics in glaucoma therapy,"DDDs have been assigned for antiglaucoma preparations only. The DDDs are based on single dose (or single package) and administration frequencies.  A single dose is defined as two eye drops (one in each eye) corresponding to 0.1 ml.  For eye drops administered once daily the DDD is 0.1 ml, for eye drops administered twice daily the DDD is 0.2 ml, etc. For single use packages one dose is the volume of one package.  This also applies for combinations.  In eye ointments one dose corresponds to about 10 mm (20 mg) per eye thus corresponding to 40 mg for both eyes.",S01EA03,apraclonidine,NA,NA,NA,NA,NA,NA,NA,NA,NA
S,SENSORY ORGANS,S01,OPHTHALMOLOGICALS,S01E,ANTIGLAUCOMA PREPARATIONS AND MIOTICS,S01EA,Sympathomimetics in glaucoma therapy,"DDDs have been assigned for antiglaucoma preparations only. The DDDs are based on single dose (or single package) and administration frequencies.  A single dose is defined as two eye drops (one in each eye) corresponding to 0.1 ml.  For eye drops administered once daily the DDD is 0.1 ml, for eye drops administered twice daily the DDD is 0.2 ml, etc. For single use packages one dose is the volume of one package.  This also applies for combinations.  In eye ointments one dose corresponds to about 10 mm (20 mg) per eye thus corresponding to 40 mg for both eyes.",S01EA04,clonidine,NA,NA,NA,NA,NA,NA,NA,NA,NA
S,SENSORY ORGANS,S01,OPHTHALMOLOGICALS,S01E,ANTIGLAUCOMA PREPARATIONS AND MIOTICS,S01EA,Sympathomimetics in glaucoma therapy,"DDDs have been assigned for antiglaucoma preparations only. The DDDs are based on single dose (or single package) and administration frequencies.  A single dose is defined as two eye drops (one in each eye) corresponding to 0.1 ml.  For eye drops administered once daily the DDD is 0.1 ml, for eye drops administered twice daily the DDD is 0.2 ml, etc. For single use packages one dose is the volume of one package.  This also applies for combinations.  In eye ointments one dose corresponds to about 10 mm (20 mg) per eye thus corresponding to 40 mg for both eyes.",S01EA05,brimonidine,NA,NA,NA,NA,NA,NA,NA,NA,NA
S,SENSORY ORGANS,S01,OPHTHALMOLOGICALS,S01E,ANTIGLAUCOMA PREPARATIONS AND MIOTICS,S01EA,Sympathomimetics in glaucoma therapy,"DDDs have been assigned for antiglaucoma preparations only. The DDDs are based on single dose (or single package) and administration frequencies.  A single dose is defined as two eye drops (one in each eye) corresponding to 0.1 ml.  For eye drops administered once daily the DDD is 0.1 ml, for eye drops administered twice daily the DDD is 0.2 ml, etc. For single use packages one dose is the volume of one package.  This also applies for combinations.  In eye ointments one dose corresponds to about 10 mm (20 mg) per eye thus corresponding to 40 mg for both eyes.",S01EA51,"epinephrine, combinations",NA,NA,NA,NA,NA,NA,NA,NA,NA
S,SENSORY ORGANS,S01,OPHTHALMOLOGICALS,S01E,ANTIGLAUCOMA PREPARATIONS AND MIOTICS,S01EB,Parasympathomimetics,"DDDs have been assigned for antiglaucoma preparations only. The DDDs are based on single dose (or single package) and administration frequencies.  A single dose is defined as two eye drops (one in each eye) corresponding to 0.1 ml.  For eye drops administered once daily the DDD is 0.1 ml, for eye drops administered twice daily the DDD is 0.2 ml, etc. For single use packages one dose is the volume of one package.  This also applies for combinations.  In eye ointments one dose corresponds to about 10 mm (20 mg) per eye thus corresponding to 40 mg for both eyes. The DDD for pilocarpine lamellas has been obtained by dividing two lamellas by seven days (the recommended dose is 1 lamella/eye/week).",S01EB01,pilocarpine,NA,0.285,NA,40,NA,NA,NA,mg,NA
S,SENSORY ORGANS,S01,OPHTHALMOLOGICALS,S01E,ANTIGLAUCOMA PREPARATIONS AND MIOTICS,S01EB,Parasympathomimetics,"DDDs have been assigned for antiglaucoma preparations only. The DDDs are based on single dose (or single package) and administration frequencies.  A single dose is defined as two eye drops (one in each eye) corresponding to 0.1 ml.  For eye drops administered once daily the DDD is 0.1 ml, for eye drops administered twice daily the DDD is 0.2 ml, etc. For single use packages one dose is the volume of one package.  This also applies for combinations.  In eye ointments one dose corresponds to about 10 mm (20 mg) per eye thus corresponding to 40 mg for both eyes. The DDD for pilocarpine lamellas has been obtained by dividing two lamellas by seven days (the recommended dose is 1 lamella/eye/week).",S01EB02,carbachol,NA,NA,NA,NA,NA,NA,NA,NA,NA
S,SENSORY ORGANS,S01,OPHTHALMOLOGICALS,S01E,ANTIGLAUCOMA PREPARATIONS AND MIOTICS,S01EB,Parasympathomimetics,"DDDs have been assigned for antiglaucoma preparations only. The DDDs are based on single dose (or single package) and administration frequencies.  A single dose is defined as two eye drops (one in each eye) corresponding to 0.1 ml.  For eye drops administered once daily the DDD is 0.1 ml, for eye drops administered twice daily the DDD is 0.2 ml, etc. For single use packages one dose is the volume of one package.  This also applies for combinations.  In eye ointments one dose corresponds to about 10 mm (20 mg) per eye thus corresponding to 40 mg for both eyes. The DDD for pilocarpine lamellas has been obtained by dividing two lamellas by seven days (the recommended dose is 1 lamella/eye/week).",S01EB03,ecothiopate,NA,NA,NA,NA,NA,NA,NA,NA,NA
S,SENSORY ORGANS,S01,OPHTHALMOLOGICALS,S01E,ANTIGLAUCOMA PREPARATIONS AND MIOTICS,S01EB,Parasympathomimetics,"DDDs have been assigned for antiglaucoma preparations only. The DDDs are based on single dose (or single package) and administration frequencies.  A single dose is defined as two eye drops (one in each eye) corresponding to 0.1 ml.  For eye drops administered once daily the DDD is 0.1 ml, for eye drops administered twice daily the DDD is 0.2 ml, etc. For single use packages one dose is the volume of one package.  This also applies for combinations.  In eye ointments one dose corresponds to about 10 mm (20 mg) per eye thus corresponding to 40 mg for both eyes. The DDD for pilocarpine lamellas has been obtained by dividing two lamellas by seven days (the recommended dose is 1 lamella/eye/week).",S01EB04,demecarium,NA,NA,NA,NA,NA,NA,NA,NA,NA
S,SENSORY ORGANS,S01,OPHTHALMOLOGICALS,S01E,ANTIGLAUCOMA PREPARATIONS AND MIOTICS,S01EB,Parasympathomimetics,"DDDs have been assigned for antiglaucoma preparations only. The DDDs are based on single dose (or single package) and administration frequencies.  A single dose is defined as two eye drops (one in each eye) corresponding to 0.1 ml.  For eye drops administered once daily the DDD is 0.1 ml, for eye drops administered twice daily the DDD is 0.2 ml, etc. For single use packages one dose is the volume of one package.  This also applies for combinations.  In eye ointments one dose corresponds to about 10 mm (20 mg) per eye thus corresponding to 40 mg for both eyes. The DDD for pilocarpine lamellas has been obtained by dividing two lamellas by seven days (the recommended dose is 1 lamella/eye/week).",S01EB05,physostigmine,NA,NA,NA,NA,NA,NA,NA,NA,NA
S,SENSORY ORGANS,S01,OPHTHALMOLOGICALS,S01E,ANTIGLAUCOMA PREPARATIONS AND MIOTICS,S01EB,Parasympathomimetics,"DDDs have been assigned for antiglaucoma preparations only. The DDDs are based on single dose (or single package) and administration frequencies.  A single dose is defined as two eye drops (one in each eye) corresponding to 0.1 ml.  For eye drops administered once daily the DDD is 0.1 ml, for eye drops administered twice daily the DDD is 0.2 ml, etc. For single use packages one dose is the volume of one package.  This also applies for combinations.  In eye ointments one dose corresponds to about 10 mm (20 mg) per eye thus corresponding to 40 mg for both eyes. The DDD for pilocarpine lamellas has been obtained by dividing two lamellas by seven days (the recommended dose is 1 lamella/eye/week).",S01EB06,neostigmine,NA,NA,NA,40,NA,NA,NA,mg,NA
S,SENSORY ORGANS,S01,OPHTHALMOLOGICALS,S01E,ANTIGLAUCOMA PREPARATIONS AND MIOTICS,S01EB,Parasympathomimetics,"DDDs have been assigned for antiglaucoma preparations only. The DDDs are based on single dose (or single package) and administration frequencies.  A single dose is defined as two eye drops (one in each eye) corresponding to 0.1 ml.  For eye drops administered once daily the DDD is 0.1 ml, for eye drops administered twice daily the DDD is 0.2 ml, etc. For single use packages one dose is the volume of one package.  This also applies for combinations.  In eye ointments one dose corresponds to about 10 mm (20 mg) per eye thus corresponding to 40 mg for both eyes. The DDD for pilocarpine lamellas has been obtained by dividing two lamellas by seven days (the recommended dose is 1 lamella/eye/week).",S01EB07,fluostigmine,NA,NA,NA,NA,NA,NA,NA,NA,NA
S,SENSORY ORGANS,S01,OPHTHALMOLOGICALS,S01E,ANTIGLAUCOMA PREPARATIONS AND MIOTICS,S01EB,Parasympathomimetics,"DDDs have been assigned for antiglaucoma preparations only. The DDDs are based on single dose (or single package) and administration frequencies.  A single dose is defined as two eye drops (one in each eye) corresponding to 0.1 ml.  For eye drops administered once daily the DDD is 0.1 ml, for eye drops administered twice daily the DDD is 0.2 ml, etc. For single use packages one dose is the volume of one package.  This also applies for combinations.  In eye ointments one dose corresponds to about 10 mm (20 mg) per eye thus corresponding to 40 mg for both eyes. The DDD for pilocarpine lamellas has been obtained by dividing two lamellas by seven days (the recommended dose is 1 lamella/eye/week).",S01EB08,aceclidine,NA,NA,NA,NA,NA,NA,NA,NA,NA
S,SENSORY ORGANS,S01,OPHTHALMOLOGICALS,S01E,ANTIGLAUCOMA PREPARATIONS AND MIOTICS,S01EB,Parasympathomimetics,"DDDs have been assigned for antiglaucoma preparations only. The DDDs are based on single dose (or single package) and administration frequencies.  A single dose is defined as two eye drops (one in each eye) corresponding to 0.1 ml.  For eye drops administered once daily the DDD is 0.1 ml, for eye drops administered twice daily the DDD is 0.2 ml, etc. For single use packages one dose is the volume of one package.  This also applies for combinations.  In eye ointments one dose corresponds to about 10 mm (20 mg) per eye thus corresponding to 40 mg for both eyes. The DDD for pilocarpine lamellas has been obtained by dividing two lamellas by seven days (the recommended dose is 1 lamella/eye/week).",S01EB09,acetylcholine,NA,NA,NA,NA,NA,NA,NA,NA,NA
S,SENSORY ORGANS,S01,OPHTHALMOLOGICALS,S01E,ANTIGLAUCOMA PREPARATIONS AND MIOTICS,S01EB,Parasympathomimetics,"DDDs have been assigned for antiglaucoma preparations only. The DDDs are based on single dose (or single package) and administration frequencies.  A single dose is defined as two eye drops (one in each eye) corresponding to 0.1 ml.  For eye drops administered once daily the DDD is 0.1 ml, for eye drops administered twice daily the DDD is 0.2 ml, etc. For single use packages one dose is the volume of one package.  This also applies for combinations.  In eye ointments one dose corresponds to about 10 mm (20 mg) per eye thus corresponding to 40 mg for both eyes. The DDD for pilocarpine lamellas has been obtained by dividing two lamellas by seven days (the recommended dose is 1 lamella/eye/week).",S01EB10,paraoxon,NA,NA,NA,NA,NA,NA,NA,NA,NA
S,SENSORY ORGANS,S01,OPHTHALMOLOGICALS,S01E,ANTIGLAUCOMA PREPARATIONS AND MIOTICS,S01EB,Parasympathomimetics,"DDDs have been assigned for antiglaucoma preparations only. The DDDs are based on single dose (or single package) and administration frequencies.  A single dose is defined as two eye drops (one in each eye) corresponding to 0.1 ml.  For eye drops administered once daily the DDD is 0.1 ml, for eye drops administered twice daily the DDD is 0.2 ml, etc. For single use packages one dose is the volume of one package.  This also applies for combinations.  In eye ointments one dose corresponds to about 10 mm (20 mg) per eye thus corresponding to 40 mg for both eyes. The DDD for pilocarpine lamellas has been obtained by dividing two lamellas by seven days (the recommended dose is 1 lamella/eye/week).",S01EB51,"pilocarpine, combinations",NA,NA,NA,NA,NA,NA,NA,NA,NA
S,SENSORY ORGANS,S01,OPHTHALMOLOGICALS,S01E,ANTIGLAUCOMA PREPARATIONS AND MIOTICS,S01EB,Parasympathomimetics,"DDDs have been assigned for antiglaucoma preparations only. The DDDs are based on single dose (or single package) and administration frequencies.  A single dose is defined as two eye drops (one in each eye) corresponding to 0.1 ml.  For eye drops administered once daily the DDD is 0.1 ml, for eye drops administered twice daily the DDD is 0.2 ml, etc. For single use packages one dose is the volume of one package.  This also applies for combinations.  In eye ointments one dose corresponds to about 10 mm (20 mg) per eye thus corresponding to 40 mg for both eyes. The DDD for pilocarpine lamellas has been obtained by dividing two lamellas by seven days (the recommended dose is 1 lamella/eye/week).",S01EB58,"aceclidine, combinations",NA,NA,NA,NA,NA,NA,NA,NA,NA
S,SENSORY ORGANS,S01,OPHTHALMOLOGICALS,S01E,ANTIGLAUCOMA PREPARATIONS AND MIOTICS,S01EC,Carbonic anhydrase inhibitors,"DDDs have been assigned for antiglaucoma preparations only. The DDDs are based on single dose (or single package) and administration frequencies.  A single dose is defined as two eye drops (one in each eye) corresponding to 0.1 ml.  For eye drops administered once daily the DDD is 0.1 ml, for eye drops administered twice daily the DDD is 0.2 ml, etc. For single use packages one dose is the volume of one package.  This also applies for combinations.  In eye ointments one dose corresponds to about 10 mm (20 mg) per eye thus corresponding to 40 mg for both eyes. The DDDs are based on the average recommended doses in the treatment of chronic glaucoma.",S01EC01,acetazolamide,NA,NA,0.75,NA,0.75,NA,g,NA,g
S,SENSORY ORGANS,S01,OPHTHALMOLOGICALS,S01E,ANTIGLAUCOMA PREPARATIONS AND MIOTICS,S01EC,Carbonic anhydrase inhibitors,"DDDs have been assigned for antiglaucoma preparations only. The DDDs are based on single dose (or single package) and administration frequencies.  A single dose is defined as two eye drops (one in each eye) corresponding to 0.1 ml.  For eye drops administered once daily the DDD is 0.1 ml, for eye drops administered twice daily the DDD is 0.2 ml, etc. For single use packages one dose is the volume of one package.  This also applies for combinations.  In eye ointments one dose corresponds to about 10 mm (20 mg) per eye thus corresponding to 40 mg for both eyes. The DDDs are based on the average recommended doses in the treatment of chronic glaucoma.",S01EC02,diclofenamide,NA,NA,0.1,NA,NA,NA,g,NA,NA
S,SENSORY ORGANS,S01,OPHTHALMOLOGICALS,S01E,ANTIGLAUCOMA PREPARATIONS AND MIOTICS,S01EC,Carbonic anhydrase inhibitors,"DDDs have been assigned for antiglaucoma preparations only. The DDDs are based on single dose (or single package) and administration frequencies.  A single dose is defined as two eye drops (one in each eye) corresponding to 0.1 ml.  For eye drops administered once daily the DDD is 0.1 ml, for eye drops administered twice daily the DDD is 0.2 ml, etc. For single use packages one dose is the volume of one package.  This also applies for combinations.  In eye ointments one dose corresponds to about 10 mm (20 mg) per eye thus corresponding to 40 mg for both eyes. The DDDs are based on the average recommended doses in the treatment of chronic glaucoma.",S01EC03,dorzolamide,NA,NA,NA,NA,NA,NA,NA,NA,NA
S,SENSORY ORGANS,S01,OPHTHALMOLOGICALS,S01E,ANTIGLAUCOMA PREPARATIONS AND MIOTICS,S01EC,Carbonic anhydrase inhibitors,"DDDs have been assigned for antiglaucoma preparations only. The DDDs are based on single dose (or single package) and administration frequencies.  A single dose is defined as two eye drops (one in each eye) corresponding to 0.1 ml.  For eye drops administered once daily the DDD is 0.1 ml, for eye drops administered twice daily the DDD is 0.2 ml, etc. For single use packages one dose is the volume of one package.  This also applies for combinations.  In eye ointments one dose corresponds to about 10 mm (20 mg) per eye thus corresponding to 40 mg for both eyes. The DDDs are based on the average recommended doses in the treatment of chronic glaucoma.",S01EC04,brinzolamide,NA,NA,NA,NA,NA,NA,NA,NA,NA
S,SENSORY ORGANS,S01,OPHTHALMOLOGICALS,S01E,ANTIGLAUCOMA PREPARATIONS AND MIOTICS,S01EC,Carbonic anhydrase inhibitors,"DDDs have been assigned for antiglaucoma preparations only. The DDDs are based on single dose (or single package) and administration frequencies.  A single dose is defined as two eye drops (one in each eye) corresponding to 0.1 ml.  For eye drops administered once daily the DDD is 0.1 ml, for eye drops administered twice daily the DDD is 0.2 ml, etc. For single use packages one dose is the volume of one package.  This also applies for combinations.  In eye ointments one dose corresponds to about 10 mm (20 mg) per eye thus corresponding to 40 mg for both eyes. The DDDs are based on the average recommended doses in the treatment of chronic glaucoma.",S01EC05,methazolamide,NA,NA,0.2,NA,NA,NA,g,NA,NA
S,SENSORY ORGANS,S01,OPHTHALMOLOGICALS,S01E,ANTIGLAUCOMA PREPARATIONS AND MIOTICS,S01EC,Carbonic anhydrase inhibitors,"DDDs have been assigned for antiglaucoma preparations only. The DDDs are based on single dose (or single package) and administration frequencies.  A single dose is defined as two eye drops (one in each eye) corresponding to 0.1 ml.  For eye drops administered once daily the DDD is 0.1 ml, for eye drops administered twice daily the DDD is 0.2 ml, etc. For single use packages one dose is the volume of one package.  This also applies for combinations.  In eye ointments one dose corresponds to about 10 mm (20 mg) per eye thus corresponding to 40 mg for both eyes. The DDDs are based on the average recommended doses in the treatment of chronic glaucoma.",S01EC54,"brinzolamide, combinations",NA,NA,NA,NA,NA,NA,NA,NA,NA
S,SENSORY ORGANS,S01,OPHTHALMOLOGICALS,S01E,ANTIGLAUCOMA PREPARATIONS AND MIOTICS,S01ED,Beta blocking agents,"DDDs have been assigned for antiglaucoma preparations only. The DDDs are based on single dose (or single package) and administration frequencies.  A single dose is defined as two eye drops (one in each eye) corresponding to 0.1 ml.  For eye drops administered once daily the DDD is 0.1 ml, for eye drops administered twice daily the DDD is 0.2 ml, etc. For single use packages one dose is the volume of one package.  This also applies for combinations.  In eye ointments one dose corresponds to about 10 mm (20 mg) per eye thus corresponding to 40 mg for both eyes.",S01ED01,timolol,NA,NA,NA,NA,NA,NA,NA,NA,NA
S,SENSORY ORGANS,S01,OPHTHALMOLOGICALS,S01E,ANTIGLAUCOMA PREPARATIONS AND MIOTICS,S01ED,Beta blocking agents,"DDDs have been assigned for antiglaucoma preparations only. The DDDs are based on single dose (or single package) and administration frequencies.  A single dose is defined as two eye drops (one in each eye) corresponding to 0.1 ml.  For eye drops administered once daily the DDD is 0.1 ml, for eye drops administered twice daily the DDD is 0.2 ml, etc. For single use packages one dose is the volume of one package.  This also applies for combinations.  In eye ointments one dose corresponds to about 10 mm (20 mg) per eye thus corresponding to 40 mg for both eyes.",S01ED02,betaxolol,NA,NA,NA,NA,NA,NA,NA,NA,NA
S,SENSORY ORGANS,S01,OPHTHALMOLOGICALS,S01E,ANTIGLAUCOMA PREPARATIONS AND MIOTICS,S01ED,Beta blocking agents,"DDDs have been assigned for antiglaucoma preparations only. The DDDs are based on single dose (or single package) and administration frequencies.  A single dose is defined as two eye drops (one in each eye) corresponding to 0.1 ml.  For eye drops administered once daily the DDD is 0.1 ml, for eye drops administered twice daily the DDD is 0.2 ml, etc. For single use packages one dose is the volume of one package.  This also applies for combinations.  In eye ointments one dose corresponds to about 10 mm (20 mg) per eye thus corresponding to 40 mg for both eyes.",S01ED03,levobunolol,NA,NA,NA,NA,NA,NA,NA,NA,NA
S,SENSORY ORGANS,S01,OPHTHALMOLOGICALS,S01E,ANTIGLAUCOMA PREPARATIONS AND MIOTICS,S01ED,Beta blocking agents,"DDDs have been assigned for antiglaucoma preparations only. The DDDs are based on single dose (or single package) and administration frequencies.  A single dose is defined as two eye drops (one in each eye) corresponding to 0.1 ml.  For eye drops administered once daily the DDD is 0.1 ml, for eye drops administered twice daily the DDD is 0.2 ml, etc. For single use packages one dose is the volume of one package.  This also applies for combinations.  In eye ointments one dose corresponds to about 10 mm (20 mg) per eye thus corresponding to 40 mg for both eyes.",S01ED04,metipranolol,NA,NA,NA,NA,NA,NA,NA,NA,NA
S,SENSORY ORGANS,S01,OPHTHALMOLOGICALS,S01E,ANTIGLAUCOMA PREPARATIONS AND MIOTICS,S01ED,Beta blocking agents,"DDDs have been assigned for antiglaucoma preparations only. The DDDs are based on single dose (or single package) and administration frequencies.  A single dose is defined as two eye drops (one in each eye) corresponding to 0.1 ml.  For eye drops administered once daily the DDD is 0.1 ml, for eye drops administered twice daily the DDD is 0.2 ml, etc. For single use packages one dose is the volume of one package.  This also applies for combinations.  In eye ointments one dose corresponds to about 10 mm (20 mg) per eye thus corresponding to 40 mg for both eyes.",S01ED05,carteolol,NA,NA,NA,NA,NA,NA,NA,NA,NA
S,SENSORY ORGANS,S01,OPHTHALMOLOGICALS,S01E,ANTIGLAUCOMA PREPARATIONS AND MIOTICS,S01ED,Beta blocking agents,"DDDs have been assigned for antiglaucoma preparations only. The DDDs are based on single dose (or single package) and administration frequencies.  A single dose is defined as two eye drops (one in each eye) corresponding to 0.1 ml.  For eye drops administered once daily the DDD is 0.1 ml, for eye drops administered twice daily the DDD is 0.2 ml, etc. For single use packages one dose is the volume of one package.  This also applies for combinations.  In eye ointments one dose corresponds to about 10 mm (20 mg) per eye thus corresponding to 40 mg for both eyes.",S01ED06,befunolol,NA,NA,NA,NA,NA,NA,NA,NA,NA
S,SENSORY ORGANS,S01,OPHTHALMOLOGICALS,S01E,ANTIGLAUCOMA PREPARATIONS AND MIOTICS,S01ED,Beta blocking agents,"DDDs have been assigned for antiglaucoma preparations only. The DDDs are based on single dose (or single package) and administration frequencies.  A single dose is defined as two eye drops (one in each eye) corresponding to 0.1 ml.  For eye drops administered once daily the DDD is 0.1 ml, for eye drops administered twice daily the DDD is 0.2 ml, etc. For single use packages one dose is the volume of one package.  This also applies for combinations.  In eye ointments one dose corresponds to about 10 mm (20 mg) per eye thus corresponding to 40 mg for both eyes.",S01ED51,"timolol, combinations",NA,NA,NA,NA,NA,NA,NA,NA,NA
S,SENSORY ORGANS,S01,OPHTHALMOLOGICALS,S01E,ANTIGLAUCOMA PREPARATIONS AND MIOTICS,S01ED,Beta blocking agents,"DDDs have been assigned for antiglaucoma preparations only. The DDDs are based on single dose (or single package) and administration frequencies.  A single dose is defined as two eye drops (one in each eye) corresponding to 0.1 ml.  For eye drops administered once daily the DDD is 0.1 ml, for eye drops administered twice daily the DDD is 0.2 ml, etc. For single use packages one dose is the volume of one package.  This also applies for combinations.  In eye ointments one dose corresponds to about 10 mm (20 mg) per eye thus corresponding to 40 mg for both eyes.",S01ED52,"betaxolol, combinations",NA,NA,NA,NA,NA,NA,NA,NA,NA
S,SENSORY ORGANS,S01,OPHTHALMOLOGICALS,S01E,ANTIGLAUCOMA PREPARATIONS AND MIOTICS,S01ED,Beta blocking agents,"DDDs have been assigned for antiglaucoma preparations only. The DDDs are based on single dose (or single package) and administration frequencies.  A single dose is defined as two eye drops (one in each eye) corresponding to 0.1 ml.  For eye drops administered once daily the DDD is 0.1 ml, for eye drops administered twice daily the DDD is 0.2 ml, etc. For single use packages one dose is the volume of one package.  This also applies for combinations.  In eye ointments one dose corresponds to about 10 mm (20 mg) per eye thus corresponding to 40 mg for both eyes.",S01ED54,"metipranolol, combinations",NA,NA,NA,NA,NA,NA,NA,NA,NA
S,SENSORY ORGANS,S01,OPHTHALMOLOGICALS,S01E,ANTIGLAUCOMA PREPARATIONS AND MIOTICS,S01ED,Beta blocking agents,"DDDs have been assigned for antiglaucoma preparations only. The DDDs are based on single dose (or single package) and administration frequencies.  A single dose is defined as two eye drops (one in each eye) corresponding to 0.1 ml.  For eye drops administered once daily the DDD is 0.1 ml, for eye drops administered twice daily the DDD is 0.2 ml, etc. For single use packages one dose is the volume of one package.  This also applies for combinations.  In eye ointments one dose corresponds to about 10 mm (20 mg) per eye thus corresponding to 40 mg for both eyes.",S01ED55,"carteolol, combinations",NA,NA,NA,NA,NA,NA,NA,NA,NA
S,SENSORY ORGANS,S01,OPHTHALMOLOGICALS,S01E,ANTIGLAUCOMA PREPARATIONS AND MIOTICS,S01EE,Prostaglandin analogues,"DDDs have been assigned for antiglaucoma preparations only. The DDDs are based on single dose (or single package) and administration frequencies.  A single dose is defined as two eye drops (one in each eye) corresponding to 0.1 ml.  For eye drops administered once daily the DDD is 0.1 ml, for eye drops administered twice daily the DDD is 0.2 ml, etc. For single use packages one dose is the volume of one package.  This also applies for combinations.  In eye ointments one dose corresponds to about 10 mm (20 mg) per eye thus corresponding to 40 mg for both eyes.",S01EE01,latanoprost,NA,NA,NA,NA,NA,NA,NA,NA,NA
S,SENSORY ORGANS,S01,OPHTHALMOLOGICALS,S01E,ANTIGLAUCOMA PREPARATIONS AND MIOTICS,S01EE,Prostaglandin analogues,"DDDs have been assigned for antiglaucoma preparations only. The DDDs are based on single dose (or single package) and administration frequencies.  A single dose is defined as two eye drops (one in each eye) corresponding to 0.1 ml.  For eye drops administered once daily the DDD is 0.1 ml, for eye drops administered twice daily the DDD is 0.2 ml, etc. For single use packages one dose is the volume of one package.  This also applies for combinations.  In eye ointments one dose corresponds to about 10 mm (20 mg) per eye thus corresponding to 40 mg for both eyes.",S01EE02,unoprostone,NA,NA,NA,NA,NA,NA,NA,NA,NA
S,SENSORY ORGANS,S01,OPHTHALMOLOGICALS,S01E,ANTIGLAUCOMA PREPARATIONS AND MIOTICS,S01EE,Prostaglandin analogues,"DDDs have been assigned for antiglaucoma preparations only. The DDDs are based on single dose (or single package) and administration frequencies.  A single dose is defined as two eye drops (one in each eye) corresponding to 0.1 ml.  For eye drops administered once daily the DDD is 0.1 ml, for eye drops administered twice daily the DDD is 0.2 ml, etc. For single use packages one dose is the volume of one package.  This also applies for combinations.  In eye ointments one dose corresponds to about 10 mm (20 mg) per eye thus corresponding to 40 mg for both eyes.",S01EE03,bimatoprost,NA,NA,NA,NA,NA,NA,NA,NA,NA
S,SENSORY ORGANS,S01,OPHTHALMOLOGICALS,S01E,ANTIGLAUCOMA PREPARATIONS AND MIOTICS,S01EE,Prostaglandin analogues,"DDDs have been assigned for antiglaucoma preparations only. The DDDs are based on single dose (or single package) and administration frequencies.  A single dose is defined as two eye drops (one in each eye) corresponding to 0.1 ml.  For eye drops administered once daily the DDD is 0.1 ml, for eye drops administered twice daily the DDD is 0.2 ml, etc. For single use packages one dose is the volume of one package.  This also applies for combinations.  In eye ointments one dose corresponds to about 10 mm (20 mg) per eye thus corresponding to 40 mg for both eyes.",S01EE04,travoprost,NA,NA,NA,NA,NA,NA,NA,NA,NA
S,SENSORY ORGANS,S01,OPHTHALMOLOGICALS,S01E,ANTIGLAUCOMA PREPARATIONS AND MIOTICS,S01EE,Prostaglandin analogues,"DDDs have been assigned for antiglaucoma preparations only. The DDDs are based on single dose (or single package) and administration frequencies.  A single dose is defined as two eye drops (one in each eye) corresponding to 0.1 ml.  For eye drops administered once daily the DDD is 0.1 ml, for eye drops administered twice daily the DDD is 0.2 ml, etc. For single use packages one dose is the volume of one package.  This also applies for combinations.  In eye ointments one dose corresponds to about 10 mm (20 mg) per eye thus corresponding to 40 mg for both eyes.",S01EE05,tafluprost,NA,NA,NA,NA,NA,NA,NA,NA,NA
S,SENSORY ORGANS,S01,OPHTHALMOLOGICALS,S01E,ANTIGLAUCOMA PREPARATIONS AND MIOTICS,S01EE,Prostaglandin analogues,"DDDs have been assigned for antiglaucoma preparations only. The DDDs are based on single dose (or single package) and administration frequencies.  A single dose is defined as two eye drops (one in each eye) corresponding to 0.1 ml.  For eye drops administered once daily the DDD is 0.1 ml, for eye drops administered twice daily the DDD is 0.2 ml, etc. For single use packages one dose is the volume of one package.  This also applies for combinations.  In eye ointments one dose corresponds to about 10 mm (20 mg) per eye thus corresponding to 40 mg for both eyes.",S01EE06,latanoprostene bunod,NA,NA,NA,NA,NA,NA,NA,NA,NA
S,SENSORY ORGANS,S01,OPHTHALMOLOGICALS,S01E,ANTIGLAUCOMA PREPARATIONS AND MIOTICS,S01EE,Prostaglandin analogues,"DDDs have been assigned for antiglaucoma preparations only. The DDDs are based on single dose (or single package) and administration frequencies.  A single dose is defined as two eye drops (one in each eye) corresponding to 0.1 ml.  For eye drops administered once daily the DDD is 0.1 ml, for eye drops administered twice daily the DDD is 0.2 ml, etc. For single use packages one dose is the volume of one package.  This also applies for combinations.  In eye ointments one dose corresponds to about 10 mm (20 mg) per eye thus corresponding to 40 mg for both eyes.",S01EE51,latanoprost and netarsudil,NA,NA,NA,NA,NA,NA,NA,NA,NA
S,SENSORY ORGANS,S01,OPHTHALMOLOGICALS,S01E,ANTIGLAUCOMA PREPARATIONS AND MIOTICS,S01EX,Other antiglaucoma preparations,"DDDs have been assigned for antiglaucoma preparations only. The DDDs are based on single dose (or single package) and administration frequencies.  A single dose is defined as two eye drops (one in each eye) corresponding to 0.1 ml.  For eye drops administered once daily the DDD is 0.1 ml, for eye drops administered twice daily the DDD is 0.2 ml, etc. For single use packages one dose is the volume of one package.  This also applies for combinations.  In eye ointments one dose corresponds to about 10 mm (20 mg) per eye thus corresponding to 40 mg for both eyes.",S01EX01,guanethidine,NA,NA,NA,NA,NA,NA,NA,NA,NA
S,SENSORY ORGANS,S01,OPHTHALMOLOGICALS,S01E,ANTIGLAUCOMA PREPARATIONS AND MIOTICS,S01EX,Other antiglaucoma preparations,"DDDs have been assigned for antiglaucoma preparations only. The DDDs are based on single dose (or single package) and administration frequencies.  A single dose is defined as two eye drops (one in each eye) corresponding to 0.1 ml.  For eye drops administered once daily the DDD is 0.1 ml, for eye drops administered twice daily the DDD is 0.2 ml, etc. For single use packages one dose is the volume of one package.  This also applies for combinations.  In eye ointments one dose corresponds to about 10 mm (20 mg) per eye thus corresponding to 40 mg for both eyes.",S01EX02,dapiprazole,NA,NA,NA,NA,NA,NA,NA,NA,NA
S,SENSORY ORGANS,S01,OPHTHALMOLOGICALS,S01E,ANTIGLAUCOMA PREPARATIONS AND MIOTICS,S01EX,Other antiglaucoma preparations,"DDDs have been assigned for antiglaucoma preparations only. The DDDs are based on single dose (or single package) and administration frequencies.  A single dose is defined as two eye drops (one in each eye) corresponding to 0.1 ml.  For eye drops administered once daily the DDD is 0.1 ml, for eye drops administered twice daily the DDD is 0.2 ml, etc. For single use packages one dose is the volume of one package.  This also applies for combinations.  In eye ointments one dose corresponds to about 10 mm (20 mg) per eye thus corresponding to 40 mg for both eyes.",S01EX05,netarsudil,NA,NA,NA,NA,NA,NA,NA,NA,NA
S,SENSORY ORGANS,S01,OPHTHALMOLOGICALS,S01E,ANTIGLAUCOMA PREPARATIONS AND MIOTICS,S01EX,Other antiglaucoma preparations,"DDDs have been assigned for antiglaucoma preparations only. The DDDs are based on single dose (or single package) and administration frequencies.  A single dose is defined as two eye drops (one in each eye) corresponding to 0.1 ml.  For eye drops administered once daily the DDD is 0.1 ml, for eye drops administered twice daily the DDD is 0.2 ml, etc. For single use packages one dose is the volume of one package.  This also applies for combinations.  In eye ointments one dose corresponds to about 10 mm (20 mg) per eye thus corresponding to 40 mg for both eyes.",S01EX06,omidenepag,NA,NA,NA,NA,NA,NA,NA,NA,NA
S,SENSORY ORGANS,S01,OPHTHALMOLOGICALS,S01E,ANTIGLAUCOMA PREPARATIONS AND MIOTICS,S01EX,Other antiglaucoma preparations,"DDDs have been assigned for antiglaucoma preparations only. The DDDs are based on single dose (or single package) and administration frequencies.  A single dose is defined as two eye drops (one in each eye) corresponding to 0.1 ml.  For eye drops administered once daily the DDD is 0.1 ml, for eye drops administered twice daily the DDD is 0.2 ml, etc. For single use packages one dose is the volume of one package.  This also applies for combinations.  In eye ointments one dose corresponds to about 10 mm (20 mg) per eye thus corresponding to 40 mg for both eyes.",S01EX07,ripasudil,NA,NA,NA,NA,NA,NA,NA,NA,NA
S,SENSORY ORGANS,S01,OPHTHALMOLOGICALS,S01F,MYDRIATICS AND CYCLOPLEGICS,S01FA,Anticholinergics,DDDs have been assigned for antiglaucoma preparations only.,S01FA01,atropine,NA,NA,NA,NA,NA,NA,NA,NA,NA
S,SENSORY ORGANS,S01,OPHTHALMOLOGICALS,S01F,MYDRIATICS AND CYCLOPLEGICS,S01FA,Anticholinergics,DDDs have been assigned for antiglaucoma preparations only.,S01FA02,scopolamine,NA,NA,NA,NA,NA,NA,NA,NA,NA
S,SENSORY ORGANS,S01,OPHTHALMOLOGICALS,S01F,MYDRIATICS AND CYCLOPLEGICS,S01FA,Anticholinergics,DDDs have been assigned for antiglaucoma preparations only.,S01FA03,methylscopolamine,NA,NA,NA,NA,NA,NA,NA,NA,NA
S,SENSORY ORGANS,S01,OPHTHALMOLOGICALS,S01F,MYDRIATICS AND CYCLOPLEGICS,S01FA,Anticholinergics,DDDs have been assigned for antiglaucoma preparations only.,S01FA04,cyclopentolate,NA,NA,NA,NA,NA,NA,NA,NA,NA
S,SENSORY ORGANS,S01,OPHTHALMOLOGICALS,S01F,MYDRIATICS AND CYCLOPLEGICS,S01FA,Anticholinergics,DDDs have been assigned for antiglaucoma preparations only.,S01FA05,homatropine,NA,NA,NA,NA,NA,NA,NA,NA,NA
S,SENSORY ORGANS,S01,OPHTHALMOLOGICALS,S01F,MYDRIATICS AND CYCLOPLEGICS,S01FA,Anticholinergics,DDDs have been assigned for antiglaucoma preparations only.,S01FA06,tropicamide,NA,NA,NA,NA,NA,NA,NA,NA,NA
S,SENSORY ORGANS,S01,OPHTHALMOLOGICALS,S01F,MYDRIATICS AND CYCLOPLEGICS,S01FA,Anticholinergics,DDDs have been assigned for antiglaucoma preparations only.,S01FA54,"cyclopentolate, combinations",NA,NA,NA,NA,NA,NA,NA,NA,NA
S,SENSORY ORGANS,S01,OPHTHALMOLOGICALS,S01F,MYDRIATICS AND CYCLOPLEGICS,S01FA,Anticholinergics,DDDs have been assigned for antiglaucoma preparations only.,S01FA56,"tropicamide, combinations",NA,NA,NA,NA,NA,NA,NA,NA,NA
S,SENSORY ORGANS,S01,OPHTHALMOLOGICALS,S01F,MYDRIATICS AND CYCLOPLEGICS,S01FB,Sympathomimetics excl. antiglaucoma preparations,DDDs have been assigned for antiglaucoma preparations only.,S01FB01,phenylephrine,NA,NA,NA,NA,NA,NA,NA,NA,NA
S,SENSORY ORGANS,S01,OPHTHALMOLOGICALS,S01F,MYDRIATICS AND CYCLOPLEGICS,S01FB,Sympathomimetics excl. antiglaucoma preparations,DDDs have been assigned for antiglaucoma preparations only.,S01FB02,ephedrine,NA,NA,NA,NA,NA,NA,NA,NA,NA
S,SENSORY ORGANS,S01,OPHTHALMOLOGICALS,S01F,MYDRIATICS AND CYCLOPLEGICS,S01FB,Sympathomimetics excl. antiglaucoma preparations,DDDs have been assigned for antiglaucoma preparations only.,S01FB03,ibopamine,NA,NA,NA,NA,NA,NA,NA,NA,NA
S,SENSORY ORGANS,S01,OPHTHALMOLOGICALS,S01F,MYDRIATICS AND CYCLOPLEGICS,S01FB,Sympathomimetics excl. antiglaucoma preparations,DDDs have been assigned for antiglaucoma preparations only.,S01FB51,phenylephrine and ketorolac,NA,NA,NA,NA,NA,NA,NA,NA,NA
S,SENSORY ORGANS,S01,OPHTHALMOLOGICALS,S01G,DECONGESTANTS AND ANTIALLERGICS,S01GA,Sympathomimetics used as decongestants,DDDs have been assigned for antiglaucoma preparations only.,S01GA01,naphazoline,NA,NA,NA,NA,NA,NA,NA,NA,NA
S,SENSORY ORGANS,S01,OPHTHALMOLOGICALS,S01G,DECONGESTANTS AND ANTIALLERGICS,S01GA,Sympathomimetics used as decongestants,DDDs have been assigned for antiglaucoma preparations only.,S01GA02,tetryzoline,NA,NA,NA,NA,NA,NA,NA,NA,NA
S,SENSORY ORGANS,S01,OPHTHALMOLOGICALS,S01G,DECONGESTANTS AND ANTIALLERGICS,S01GA,Sympathomimetics used as decongestants,DDDs have been assigned for antiglaucoma preparations only.,S01GA03,xylometazoline,NA,NA,NA,NA,NA,NA,NA,NA,NA
S,SENSORY ORGANS,S01,OPHTHALMOLOGICALS,S01G,DECONGESTANTS AND ANTIALLERGICS,S01GA,Sympathomimetics used as decongestants,DDDs have been assigned for antiglaucoma preparations only.,S01GA04,oxymetazoline,NA,NA,NA,NA,NA,NA,NA,NA,NA
S,SENSORY ORGANS,S01,OPHTHALMOLOGICALS,S01G,DECONGESTANTS AND ANTIALLERGICS,S01GA,Sympathomimetics used as decongestants,DDDs have been assigned for antiglaucoma preparations only.,S01GA05,phenylephrine,NA,NA,NA,NA,NA,NA,NA,NA,NA
S,SENSORY ORGANS,S01,OPHTHALMOLOGICALS,S01G,DECONGESTANTS AND ANTIALLERGICS,S01GA,Sympathomimetics used as decongestants,DDDs have been assigned for antiglaucoma preparations only.,S01GA06,oxedrine,NA,NA,NA,NA,NA,NA,NA,NA,NA
S,SENSORY ORGANS,S01,OPHTHALMOLOGICALS,S01G,DECONGESTANTS AND ANTIALLERGICS,S01GA,Sympathomimetics used as decongestants,DDDs have been assigned for antiglaucoma preparations only.,S01GA07,brimonidine,NA,NA,NA,NA,NA,NA,NA,NA,NA
S,SENSORY ORGANS,S01,OPHTHALMOLOGICALS,S01G,DECONGESTANTS AND ANTIALLERGICS,S01GA,Sympathomimetics used as decongestants,DDDs have been assigned for antiglaucoma preparations only.,S01GA51,"naphazoline, combinations",NA,NA,NA,NA,NA,NA,NA,NA,NA
S,SENSORY ORGANS,S01,OPHTHALMOLOGICALS,S01G,DECONGESTANTS AND ANTIALLERGICS,S01GA,Sympathomimetics used as decongestants,DDDs have been assigned for antiglaucoma preparations only.,S01GA52,"tetryzoline, combinations",NA,NA,NA,NA,NA,NA,NA,NA,NA
S,SENSORY ORGANS,S01,OPHTHALMOLOGICALS,S01G,DECONGESTANTS AND ANTIALLERGICS,S01GA,Sympathomimetics used as decongestants,DDDs have been assigned for antiglaucoma preparations only.,S01GA53,"xylometazoline, combinations",NA,NA,NA,NA,NA,NA,NA,NA,NA
S,SENSORY ORGANS,S01,OPHTHALMOLOGICALS,S01G,DECONGESTANTS AND ANTIALLERGICS,S01GA,Sympathomimetics used as decongestants,DDDs have been assigned for antiglaucoma preparations only.,S01GA55,"phenylephrine, combinations",NA,NA,NA,NA,NA,NA,NA,NA,NA
S,SENSORY ORGANS,S01,OPHTHALMOLOGICALS,S01G,DECONGESTANTS AND ANTIALLERGICS,S01GA,Sympathomimetics used as decongestants,DDDs have been assigned for antiglaucoma preparations only.,S01GA56,"oxedrine, combinations",NA,NA,NA,NA,NA,NA,NA,NA,NA
S,SENSORY ORGANS,S01,OPHTHALMOLOGICALS,S01G,DECONGESTANTS AND ANTIALLERGICS,S01GX,Other antiallergics,DDDs have been assigned for antiglaucoma preparations only.,S01GX01,cromoglicic acid,NA,NA,NA,NA,NA,NA,NA,NA,NA
S,SENSORY ORGANS,S01,OPHTHALMOLOGICALS,S01G,DECONGESTANTS AND ANTIALLERGICS,S01GX,Other antiallergics,DDDs have been assigned for antiglaucoma preparations only.,S01GX02,levocabastine,NA,NA,NA,NA,NA,NA,NA,NA,NA
S,SENSORY ORGANS,S01,OPHTHALMOLOGICALS,S01G,DECONGESTANTS AND ANTIALLERGICS,S01GX,Other antiallergics,DDDs have been assigned for antiglaucoma preparations only.,S01GX03,spaglumic acid,NA,NA,NA,NA,NA,NA,NA,NA,NA
S,SENSORY ORGANS,S01,OPHTHALMOLOGICALS,S01G,DECONGESTANTS AND ANTIALLERGICS,S01GX,Other antiallergics,DDDs have been assigned for antiglaucoma preparations only.,S01GX04,nedocromil,NA,NA,NA,NA,NA,NA,NA,NA,NA
S,SENSORY ORGANS,S01,OPHTHALMOLOGICALS,S01G,DECONGESTANTS AND ANTIALLERGICS,S01GX,Other antiallergics,DDDs have been assigned for antiglaucoma preparations only.,S01GX05,lodoxamide,NA,NA,NA,NA,NA,NA,NA,NA,NA
S,SENSORY ORGANS,S01,OPHTHALMOLOGICALS,S01G,DECONGESTANTS AND ANTIALLERGICS,S01GX,Other antiallergics,DDDs have been assigned for antiglaucoma preparations only.,S01GX06,emedastine,NA,NA,NA,NA,NA,NA,NA,NA,NA
S,SENSORY ORGANS,S01,OPHTHALMOLOGICALS,S01G,DECONGESTANTS AND ANTIALLERGICS,S01GX,Other antiallergics,DDDs have been assigned for antiglaucoma preparations only.,S01GX07,azelastine,NA,NA,NA,NA,NA,NA,NA,NA,NA
S,SENSORY ORGANS,S01,OPHTHALMOLOGICALS,S01G,DECONGESTANTS AND ANTIALLERGICS,S01GX,Other antiallergics,DDDs have been assigned for antiglaucoma preparations only.,S01GX08,ketotifen,NA,NA,NA,NA,NA,NA,NA,NA,NA
S,SENSORY ORGANS,S01,OPHTHALMOLOGICALS,S01G,DECONGESTANTS AND ANTIALLERGICS,S01GX,Other antiallergics,DDDs have been assigned for antiglaucoma preparations only.,S01GX09,olopatadine,NA,NA,NA,NA,NA,NA,NA,NA,NA
S,SENSORY ORGANS,S01,OPHTHALMOLOGICALS,S01G,DECONGESTANTS AND ANTIALLERGICS,S01GX,Other antiallergics,DDDs have been assigned for antiglaucoma preparations only.,S01GX10,epinastine,NA,NA,NA,NA,NA,NA,NA,NA,NA
S,SENSORY ORGANS,S01,OPHTHALMOLOGICALS,S01G,DECONGESTANTS AND ANTIALLERGICS,S01GX,Other antiallergics,DDDs have been assigned for antiglaucoma preparations only.,S01GX11,alcaftadine,NA,NA,NA,NA,NA,NA,NA,NA,NA
S,SENSORY ORGANS,S01,OPHTHALMOLOGICALS,S01G,DECONGESTANTS AND ANTIALLERGICS,S01GX,Other antiallergics,DDDs have been assigned for antiglaucoma preparations only.,S01GX12,cetirizine,NA,NA,NA,NA,NA,NA,NA,NA,NA
S,SENSORY ORGANS,S01,OPHTHALMOLOGICALS,S01G,DECONGESTANTS AND ANTIALLERGICS,S01GX,Other antiallergics,DDDs have been assigned for antiglaucoma preparations only.,S01GX13,bilastine,NA,NA,NA,NA,NA,NA,NA,NA,NA
S,SENSORY ORGANS,S01,OPHTHALMOLOGICALS,S01G,DECONGESTANTS AND ANTIALLERGICS,S01GX,Other antiallergics,DDDs have been assigned for antiglaucoma preparations only.,S01GX51,"cromoglicic acid, combinations",NA,NA,NA,NA,NA,NA,NA,NA,NA
S,SENSORY ORGANS,S01,OPHTHALMOLOGICALS,S01H,LOCAL ANESTHETICS,S01HA,Local anesthetics,DDDs have been assigned for antiglaucoma preparations only.,S01HA01,cocaine,NA,NA,NA,NA,NA,NA,NA,NA,NA
S,SENSORY ORGANS,S01,OPHTHALMOLOGICALS,S01H,LOCAL ANESTHETICS,S01HA,Local anesthetics,DDDs have been assigned for antiglaucoma preparations only.,S01HA02,oxybuprocaine,NA,NA,NA,NA,NA,NA,NA,NA,NA
S,SENSORY ORGANS,S01,OPHTHALMOLOGICALS,S01H,LOCAL ANESTHETICS,S01HA,Local anesthetics,DDDs have been assigned for antiglaucoma preparations only.,S01HA03,tetracaine,NA,NA,NA,NA,NA,NA,NA,NA,NA
S,SENSORY ORGANS,S01,OPHTHALMOLOGICALS,S01H,LOCAL ANESTHETICS,S01HA,Local anesthetics,DDDs have been assigned for antiglaucoma preparations only.,S01HA04,proxymetacaine,NA,NA,NA,NA,NA,NA,NA,NA,NA
S,SENSORY ORGANS,S01,OPHTHALMOLOGICALS,S01H,LOCAL ANESTHETICS,S01HA,Local anesthetics,DDDs have been assigned for antiglaucoma preparations only.,S01HA05,procaine,NA,NA,NA,NA,NA,NA,NA,NA,NA
S,SENSORY ORGANS,S01,OPHTHALMOLOGICALS,S01H,LOCAL ANESTHETICS,S01HA,Local anesthetics,DDDs have been assigned for antiglaucoma preparations only.,S01HA06,cinchocaine,NA,NA,NA,NA,NA,NA,NA,NA,NA
S,SENSORY ORGANS,S01,OPHTHALMOLOGICALS,S01H,LOCAL ANESTHETICS,S01HA,Local anesthetics,DDDs have been assigned for antiglaucoma preparations only.,S01HA07,lidocaine,NA,NA,NA,NA,NA,NA,NA,NA,NA
S,SENSORY ORGANS,S01,OPHTHALMOLOGICALS,S01H,LOCAL ANESTHETICS,S01HA,Local anesthetics,DDDs have been assigned for antiglaucoma preparations only.,S01HA08,chloroprocaine,NA,NA,NA,NA,NA,NA,NA,NA,NA
S,SENSORY ORGANS,S01,OPHTHALMOLOGICALS,S01H,LOCAL ANESTHETICS,S01HA,Local anesthetics,DDDs have been assigned for antiglaucoma preparations only.,S01HA30,combinations,NA,NA,NA,NA,NA,NA,NA,NA,NA
S,SENSORY ORGANS,S01,OPHTHALMOLOGICALS,S01J,DIAGNOSTIC AGENTS,S01JA,Colouring agents,DDDs have been assigned for antiglaucoma preparations only.,S01JA01,fluorescein,NA,NA,NA,NA,NA,NA,NA,NA,NA
S,SENSORY ORGANS,S01,OPHTHALMOLOGICALS,S01J,DIAGNOSTIC AGENTS,S01JA,Colouring agents,DDDs have been assigned for antiglaucoma preparations only.,S01JA02,rose bengal sodium,NA,NA,NA,NA,NA,NA,NA,NA,NA
S,SENSORY ORGANS,S01,OPHTHALMOLOGICALS,S01J,DIAGNOSTIC AGENTS,S01JA,Colouring agents,DDDs have been assigned for antiglaucoma preparations only.,S01JA51,"fluorescein, combinations",NA,NA,NA,NA,NA,NA,NA,NA,NA
S,SENSORY ORGANS,S01,OPHTHALMOLOGICALS,S01J,DIAGNOSTIC AGENTS,S01JX,Other ophthalmological diagnostic agents,NA,NA,NA,NA,NA,NA,NA,NA,NA,NA,NA,NA
S,SENSORY ORGANS,S01,OPHTHALMOLOGICALS,S01K,SURGICAL AIDS,S01KA,Viscoelastic substances,DDDs have been assigned for antiglaucoma preparations only.,S01KA01,hyaluronic acid,NA,NA,NA,NA,NA,NA,NA,NA,NA
S,SENSORY ORGANS,S01,OPHTHALMOLOGICALS,S01K,SURGICAL AIDS,S01KA,Viscoelastic substances,DDDs have been assigned for antiglaucoma preparations only.,S01KA02,hypromellose,NA,NA,NA,NA,NA,NA,NA,NA,NA
S,SENSORY ORGANS,S01,OPHTHALMOLOGICALS,S01K,SURGICAL AIDS,S01KA,Viscoelastic substances,DDDs have been assigned for antiglaucoma preparations only.,S01KA51,"hyaluronic acid, combinations",NA,NA,NA,NA,NA,NA,NA,NA,NA
S,SENSORY ORGANS,S01,OPHTHALMOLOGICALS,S01K,SURGICAL AIDS,S01KX,Other surgical aids,DDDs have been assigned for antiglaucoma preparations only.,S01KX01,chymotrypsin,NA,NA,NA,NA,NA,NA,NA,NA,NA
S,SENSORY ORGANS,S01,OPHTHALMOLOGICALS,S01K,SURGICAL AIDS,S01KX,Other surgical aids,DDDs have been assigned for antiglaucoma preparations only.,S01KX02,trypan blue,NA,NA,NA,NA,NA,NA,NA,NA,NA
S,SENSORY ORGANS,S01,OPHTHALMOLOGICALS,S01L,OCULAR VASCULAR DISORDER AGENTS,S01LA,Antineovascularisation agents,DDDs have been assigned for antiglaucoma preparations only.,S01LA01,verteporfin,NA,NA,NA,NA,NA,NA,NA,NA,NA
S,SENSORY ORGANS,S01,OPHTHALMOLOGICALS,S01L,OCULAR VASCULAR DISORDER AGENTS,S01LA,Antineovascularisation agents,DDDs have been assigned for antiglaucoma preparations only.,S01LA02,anecortave,NA,NA,NA,NA,NA,NA,NA,NA,NA
S,SENSORY ORGANS,S01,OPHTHALMOLOGICALS,S01L,OCULAR VASCULAR DISORDER AGENTS,S01LA,Antineovascularisation agents,DDDs have been assigned for antiglaucoma preparations only.,S01LA03,pegaptanib,NA,NA,NA,NA,NA,NA,NA,NA,NA
S,SENSORY ORGANS,S01,OPHTHALMOLOGICALS,S01L,OCULAR VASCULAR DISORDER AGENTS,S01LA,Antineovascularisation agents,DDDs have been assigned for antiglaucoma preparations only.,S01LA04,ranibizumab,NA,NA,NA,NA,NA,NA,NA,NA,NA
S,SENSORY ORGANS,S01,OPHTHALMOLOGICALS,S01L,OCULAR VASCULAR DISORDER AGENTS,S01LA,Antineovascularisation agents,DDDs have been assigned for antiglaucoma preparations only.,S01LA05,aflibercept,NA,NA,NA,NA,NA,NA,NA,NA,NA
S,SENSORY ORGANS,S01,OPHTHALMOLOGICALS,S01L,OCULAR VASCULAR DISORDER AGENTS,S01LA,Antineovascularisation agents,DDDs have been assigned for antiglaucoma preparations only.,S01LA06,brolucizumab,NA,NA,NA,NA,NA,NA,NA,NA,NA
S,SENSORY ORGANS,S01,OPHTHALMOLOGICALS,S01L,OCULAR VASCULAR DISORDER AGENTS,S01LA,Antineovascularisation agents,DDDs have been assigned for antiglaucoma preparations only.,S01LA07,abicipar pegol,NA,NA,NA,NA,NA,NA,NA,NA,NA
S,SENSORY ORGANS,S01,OPHTHALMOLOGICALS,S01L,OCULAR VASCULAR DISORDER AGENTS,S01LA,Antineovascularisation agents,DDDs have been assigned for antiglaucoma preparations only.,S01LA08,bevacizumab,NA,NA,NA,NA,NA,NA,NA,NA,NA
S,SENSORY ORGANS,S01,OPHTHALMOLOGICALS,S01L,OCULAR VASCULAR DISORDER AGENTS,S01LA,Antineovascularisation agents,DDDs have been assigned for antiglaucoma preparations only.,S01LA09,faricimab,NA,NA,NA,NA,NA,NA,NA,NA,NA
S,SENSORY ORGANS,S01,OPHTHALMOLOGICALS,S01X,OTHER OPHTHALMOLOGICALS,S01XA,Other ophthalmologicals,DDDs have been assigned for antiglaucoma preparations only.,S01XA01,guaiazulen,NA,NA,NA,NA,NA,NA,NA,NA,NA
S,SENSORY ORGANS,S01,OPHTHALMOLOGICALS,S01X,OTHER OPHTHALMOLOGICALS,S01XA,Other ophthalmologicals,DDDs have been assigned for antiglaucoma preparations only.,S01XA02,retinol,NA,NA,NA,NA,NA,NA,NA,NA,NA
S,SENSORY ORGANS,S01,OPHTHALMOLOGICALS,S01X,OTHER OPHTHALMOLOGICALS,S01XA,Other ophthalmologicals,DDDs have been assigned for antiglaucoma preparations only.,S01XA03,"sodium chloride, hypertonic",NA,NA,NA,NA,NA,NA,NA,NA,NA
S,SENSORY ORGANS,S01,OPHTHALMOLOGICALS,S01X,OTHER OPHTHALMOLOGICALS,S01XA,Other ophthalmologicals,DDDs have been assigned for antiglaucoma preparations only.,S01XA04,potassium iodide,NA,NA,NA,NA,NA,NA,NA,NA,NA
S,SENSORY ORGANS,S01,OPHTHALMOLOGICALS,S01X,OTHER OPHTHALMOLOGICALS,S01XA,Other ophthalmologicals,DDDs have been assigned for antiglaucoma preparations only.,S01XA05,sodium edetate,NA,NA,NA,NA,NA,NA,NA,NA,NA
S,SENSORY ORGANS,S01,OPHTHALMOLOGICALS,S01X,OTHER OPHTHALMOLOGICALS,S01XA,Other ophthalmologicals,DDDs have been assigned for antiglaucoma preparations only.,S01XA06,ethylmorphine,NA,NA,NA,NA,NA,NA,NA,NA,NA
S,SENSORY ORGANS,S01,OPHTHALMOLOGICALS,S01X,OTHER OPHTHALMOLOGICALS,S01XA,Other ophthalmologicals,DDDs have been assigned for antiglaucoma preparations only.,S01XA07,alum,NA,NA,NA,NA,NA,NA,NA,NA,NA
S,SENSORY ORGANS,S01,OPHTHALMOLOGICALS,S01X,OTHER OPHTHALMOLOGICALS,S01XA,Other ophthalmologicals,DDDs have been assigned for antiglaucoma preparations only.,S01XA08,acetylcysteine,NA,NA,NA,NA,NA,NA,NA,NA,NA
S,SENSORY ORGANS,S01,OPHTHALMOLOGICALS,S01X,OTHER OPHTHALMOLOGICALS,S01XA,Other ophthalmologicals,DDDs have been assigned for antiglaucoma preparations only.,S01XA09,iodoheparinate,NA,NA,NA,NA,NA,NA,NA,NA,NA
S,SENSORY ORGANS,S01,OPHTHALMOLOGICALS,S01X,OTHER OPHTHALMOLOGICALS,S01XA,Other ophthalmologicals,DDDs have been assigned for antiglaucoma preparations only.,S01XA10,inosine,NA,NA,NA,NA,NA,NA,NA,NA,NA
S,SENSORY ORGANS,S01,OPHTHALMOLOGICALS,S01X,OTHER OPHTHALMOLOGICALS,S01XA,Other ophthalmologicals,DDDs have been assigned for antiglaucoma preparations only.,S01XA11,nandrolone,NA,NA,NA,NA,NA,NA,NA,NA,NA
S,SENSORY ORGANS,S01,OPHTHALMOLOGICALS,S01X,OTHER OPHTHALMOLOGICALS,S01XA,Other ophthalmologicals,DDDs have been assigned for antiglaucoma preparations only.,S01XA12,dexpanthenol,NA,NA,NA,NA,NA,NA,NA,NA,NA
S,SENSORY ORGANS,S01,OPHTHALMOLOGICALS,S01X,OTHER OPHTHALMOLOGICALS,S01XA,Other ophthalmologicals,DDDs have been assigned for antiglaucoma preparations only.,S01XA13,alteplase,NA,NA,NA,NA,NA,NA,NA,NA,NA
S,SENSORY ORGANS,S01,OPHTHALMOLOGICALS,S01X,OTHER OPHTHALMOLOGICALS,S01XA,Other ophthalmologicals,DDDs have been assigned for antiglaucoma preparations only.,S01XA14,heparin,NA,NA,NA,NA,NA,NA,NA,NA,NA
S,SENSORY ORGANS,S01,OPHTHALMOLOGICALS,S01X,OTHER OPHTHALMOLOGICALS,S01XA,Other ophthalmologicals,DDDs have been assigned for antiglaucoma preparations only.,S01XA15,ascorbic acid,NA,NA,NA,NA,NA,NA,NA,NA,NA
S,SENSORY ORGANS,S01,OPHTHALMOLOGICALS,S01X,OTHER OPHTHALMOLOGICALS,S01XA,Other ophthalmologicals,DDDs have been assigned for antiglaucoma preparations only.,S01XA18,ciclosporin,NA,NA,NA,NA,NA,NA,NA,NA,NA
S,SENSORY ORGANS,S01,OPHTHALMOLOGICALS,S01X,OTHER OPHTHALMOLOGICALS,S01XA,Other ophthalmologicals,DDDs have been assigned for antiglaucoma preparations only.,S01XA19,"limbal stem cells, autologous",NA,NA,NA,NA,NA,NA,NA,NA,NA
S,SENSORY ORGANS,S01,OPHTHALMOLOGICALS,S01X,OTHER OPHTHALMOLOGICALS,S01XA,Other ophthalmologicals,DDDs have been assigned for antiglaucoma preparations only.,S01XA20,artificial tears and other indifferent preparations,NA,NA,NA,NA,NA,NA,NA,NA,NA
S,SENSORY ORGANS,S01,OPHTHALMOLOGICALS,S01X,OTHER OPHTHALMOLOGICALS,S01XA,Other ophthalmologicals,DDDs have been assigned for antiglaucoma preparations only.,S01XA21,mercaptamine,NA,NA,NA,NA,NA,NA,NA,NA,NA
S,SENSORY ORGANS,S01,OPHTHALMOLOGICALS,S01X,OTHER OPHTHALMOLOGICALS,S01XA,Other ophthalmologicals,DDDs have been assigned for antiglaucoma preparations only.,S01XA22,ocriplasmin,NA,NA,NA,NA,NA,NA,NA,NA,NA
S,SENSORY ORGANS,S01,OPHTHALMOLOGICALS,S01X,OTHER OPHTHALMOLOGICALS,S01XA,Other ophthalmologicals,DDDs have been assigned for antiglaucoma preparations only.,S01XA23,sirolimus,NA,NA,NA,NA,NA,NA,NA,NA,NA
S,SENSORY ORGANS,S01,OPHTHALMOLOGICALS,S01X,OTHER OPHTHALMOLOGICALS,S01XA,Other ophthalmologicals,DDDs have been assigned for antiglaucoma preparations only.,S01XA24,cenegermin,NA,NA,NA,NA,NA,NA,NA,NA,NA
S,SENSORY ORGANS,S01,OPHTHALMOLOGICALS,S01X,OTHER OPHTHALMOLOGICALS,S01XA,Other ophthalmologicals,DDDs have been assigned for antiglaucoma preparations only.,S01XA25,lifitegrast,NA,NA,NA,NA,NA,NA,NA,NA,NA
S,SENSORY ORGANS,S01,OPHTHALMOLOGICALS,S01X,OTHER OPHTHALMOLOGICALS,S01XA,Other ophthalmologicals,DDDs have been assigned for antiglaucoma preparations only.,S01XA26,riboflavin,NA,NA,NA,NA,NA,NA,NA,NA,NA
S,SENSORY ORGANS,S01,OPHTHALMOLOGICALS,S01X,OTHER OPHTHALMOLOGICALS,S01XA,Other ophthalmologicals,DDDs have been assigned for antiglaucoma preparations only.,S01XA27,voretigene neparvovec,NA,NA,NA,NA,NA,NA,NA,NA,NA
S,SENSORY ORGANS,S01,OPHTHALMOLOGICALS,S01X,OTHER OPHTHALMOLOGICALS,S01XA,Other ophthalmologicals,DDDs have been assigned for antiglaucoma preparations only.,S01XA28,varenicline,NA,NA,NA,NA,NA,NA,NA,NA,NA
S,SENSORY ORGANS,S01,OPHTHALMOLOGICALS,S01X,OTHER OPHTHALMOLOGICALS,S01XA,Other ophthalmologicals,DDDs have been assigned for antiglaucoma preparations only.,S01XA29,sepofarsen,NA,NA,NA,NA,NA,NA,NA,NA,NA
S,SENSORY ORGANS,S01,OPHTHALMOLOGICALS,S01X,OTHER OPHTHALMOLOGICALS,S01XA,Other ophthalmologicals,DDDs have been assigned for antiglaucoma preparations only.,S01XA31,pegcetacoplan,NA,NA,NA,NA,NA,NA,NA,NA,NA
S,SENSORY ORGANS,S02,OTOLOGICALS,S02A,ANTIINFECTIVES,S02AA,Antiinfectives,No DDDs are assigned in this group.,S02AA01,chloramphenicol,NA,NA,NA,NA,NA,NA,NA,NA,NA
S,SENSORY ORGANS,S02,OTOLOGICALS,S02A,ANTIINFECTIVES,S02AA,Antiinfectives,No DDDs are assigned in this group.,S02AA02,nitrofural,NA,NA,NA,NA,NA,NA,NA,NA,NA
S,SENSORY ORGANS,S02,OTOLOGICALS,S02A,ANTIINFECTIVES,S02AA,Antiinfectives,No DDDs are assigned in this group.,S02AA03,boric acid,NA,NA,NA,NA,NA,NA,NA,NA,NA
S,SENSORY ORGANS,S02,OTOLOGICALS,S02A,ANTIINFECTIVES,S02AA,Antiinfectives,No DDDs are assigned in this group.,S02AA04,aluminium acetotartrate,NA,NA,NA,NA,NA,NA,NA,NA,NA
S,SENSORY ORGANS,S02,OTOLOGICALS,S02A,ANTIINFECTIVES,S02AA,Antiinfectives,No DDDs are assigned in this group.,S02AA05,clioquinol,NA,NA,NA,NA,NA,NA,NA,NA,NA
S,SENSORY ORGANS,S02,OTOLOGICALS,S02A,ANTIINFECTIVES,S02AA,Antiinfectives,No DDDs are assigned in this group.,S02AA06,hydrogen peroxide,NA,NA,NA,NA,NA,NA,NA,NA,NA
S,SENSORY ORGANS,S02,OTOLOGICALS,S02A,ANTIINFECTIVES,S02AA,Antiinfectives,No DDDs are assigned in this group.,S02AA07,neomycin,NA,NA,NA,NA,NA,NA,NA,NA,NA
S,SENSORY ORGANS,S02,OTOLOGICALS,S02A,ANTIINFECTIVES,S02AA,Antiinfectives,No DDDs are assigned in this group.,S02AA08,tetracycline,NA,NA,NA,NA,NA,NA,NA,NA,NA
S,SENSORY ORGANS,S02,OTOLOGICALS,S02A,ANTIINFECTIVES,S02AA,Antiinfectives,No DDDs are assigned in this group.,S02AA09,chlorhexidine,NA,NA,NA,NA,NA,NA,NA,NA,NA
S,SENSORY ORGANS,S02,OTOLOGICALS,S02A,ANTIINFECTIVES,S02AA,Antiinfectives,No DDDs are assigned in this group.,S02AA10,acetic acid,NA,NA,NA,NA,NA,NA,NA,NA,NA
S,SENSORY ORGANS,S02,OTOLOGICALS,S02A,ANTIINFECTIVES,S02AA,Antiinfectives,No DDDs are assigned in this group.,S02AA11,polymyxin B,NA,NA,NA,NA,NA,NA,NA,NA,NA
S,SENSORY ORGANS,S02,OTOLOGICALS,S02A,ANTIINFECTIVES,S02AA,Antiinfectives,No DDDs are assigned in this group.,S02AA12,rifamycin,NA,NA,NA,NA,NA,NA,NA,NA,NA
S,SENSORY ORGANS,S02,OTOLOGICALS,S02A,ANTIINFECTIVES,S02AA,Antiinfectives,No DDDs are assigned in this group.,S02AA13,miconazole,NA,NA,NA,NA,NA,NA,NA,NA,NA
S,SENSORY ORGANS,S02,OTOLOGICALS,S02A,ANTIINFECTIVES,S02AA,Antiinfectives,No DDDs are assigned in this group.,S02AA14,gentamicin,NA,NA,NA,NA,NA,NA,NA,NA,NA
S,SENSORY ORGANS,S02,OTOLOGICALS,S02A,ANTIINFECTIVES,S02AA,Antiinfectives,No DDDs are assigned in this group.,S02AA15,ciprofloxacin,NA,NA,NA,NA,NA,NA,NA,NA,NA
S,SENSORY ORGANS,S02,OTOLOGICALS,S02A,ANTIINFECTIVES,S02AA,Antiinfectives,No DDDs are assigned in this group.,S02AA16,ofloxacin,NA,NA,NA,NA,NA,NA,NA,NA,NA
S,SENSORY ORGANS,S02,OTOLOGICALS,S02A,ANTIINFECTIVES,S02AA,Antiinfectives,No DDDs are assigned in this group.,S02AA17,fosfomycin,NA,NA,NA,NA,NA,NA,NA,NA,NA
S,SENSORY ORGANS,S02,OTOLOGICALS,S02A,ANTIINFECTIVES,S02AA,Antiinfectives,No DDDs are assigned in this group.,S02AA18,cefmenoxime,NA,NA,NA,NA,NA,NA,NA,NA,NA
S,SENSORY ORGANS,S02,OTOLOGICALS,S02A,ANTIINFECTIVES,S02AA,Antiinfectives,No DDDs are assigned in this group.,S02AA30,"antiinfectives, combinations",NA,NA,NA,NA,NA,NA,NA,NA,NA
S,SENSORY ORGANS,S02,OTOLOGICALS,S02B,CORTICOSTEROIDS,S02BA,Corticosteroids,No DDDs are assigned in this group.,S02BA01,hydrocortisone,NA,NA,NA,NA,NA,NA,NA,NA,NA
S,SENSORY ORGANS,S02,OTOLOGICALS,S02B,CORTICOSTEROIDS,S02BA,Corticosteroids,No DDDs are assigned in this group.,S02BA03,prednisolone,NA,NA,NA,NA,NA,NA,NA,NA,NA
S,SENSORY ORGANS,S02,OTOLOGICALS,S02B,CORTICOSTEROIDS,S02BA,Corticosteroids,No DDDs are assigned in this group.,S02BA06,dexamethasone,NA,NA,NA,NA,NA,NA,NA,NA,NA
S,SENSORY ORGANS,S02,OTOLOGICALS,S02B,CORTICOSTEROIDS,S02BA,Corticosteroids,No DDDs are assigned in this group.,S02BA07,betamethasone,NA,NA,NA,NA,NA,NA,NA,NA,NA
S,SENSORY ORGANS,S02,OTOLOGICALS,S02B,CORTICOSTEROIDS,S02BA,Corticosteroids,No DDDs are assigned in this group.,S02BA08,fluocinolone acetonide,NA,NA,NA,NA,NA,NA,NA,NA,NA
S,SENSORY ORGANS,S02,OTOLOGICALS,S02C,CORTICOSTEROIDS AND ANTIINFECTIVES IN COMBINATION,S02CA,Corticosteroids and antiinfectives in combination,No DDDs are assigned in this group.,S02CA01,prednisolone and antiinfectives,NA,NA,NA,NA,NA,NA,NA,NA,NA
S,SENSORY ORGANS,S02,OTOLOGICALS,S02C,CORTICOSTEROIDS AND ANTIINFECTIVES IN COMBINATION,S02CA,Corticosteroids and antiinfectives in combination,No DDDs are assigned in this group.,S02CA02,flumetasone and antiinfectives,NA,NA,NA,NA,NA,NA,NA,NA,NA
S,SENSORY ORGANS,S02,OTOLOGICALS,S02C,CORTICOSTEROIDS AND ANTIINFECTIVES IN COMBINATION,S02CA,Corticosteroids and antiinfectives in combination,No DDDs are assigned in this group.,S02CA03,hydrocortisone and antiinfectives,NA,NA,NA,NA,NA,NA,NA,NA,NA
S,SENSORY ORGANS,S02,OTOLOGICALS,S02C,CORTICOSTEROIDS AND ANTIINFECTIVES IN COMBINATION,S02CA,Corticosteroids and antiinfectives in combination,No DDDs are assigned in this group.,S02CA04,triamcinolone and antiinfectives,NA,NA,NA,NA,NA,NA,NA,NA,NA
S,SENSORY ORGANS,S02,OTOLOGICALS,S02C,CORTICOSTEROIDS AND ANTIINFECTIVES IN COMBINATION,S02CA,Corticosteroids and antiinfectives in combination,No DDDs are assigned in this group.,S02CA05,fluocinolone acetonide and antiinfectives,NA,NA,NA,NA,NA,NA,NA,NA,NA
S,SENSORY ORGANS,S02,OTOLOGICALS,S02C,CORTICOSTEROIDS AND ANTIINFECTIVES IN COMBINATION,S02CA,Corticosteroids and antiinfectives in combination,No DDDs are assigned in this group.,S02CA06,dexamethasone and antiinfectives,NA,NA,NA,NA,NA,NA,NA,NA,NA
S,SENSORY ORGANS,S02,OTOLOGICALS,S02C,CORTICOSTEROIDS AND ANTIINFECTIVES IN COMBINATION,S02CA,Corticosteroids and antiinfectives in combination,No DDDs are assigned in this group.,S02CA07,fludrocortisone and antiinfectives,NA,NA,NA,NA,NA,NA,NA,NA,NA
S,SENSORY ORGANS,S02,OTOLOGICALS,S02D,OTHER OTOLOGICALS,S02DA,Analgesics and anesthetics,No DDDs are assigned in this group.,S02DA01,lidocaine,NA,NA,NA,NA,NA,NA,NA,NA,NA
S,SENSORY ORGANS,S02,OTOLOGICALS,S02D,OTHER OTOLOGICALS,S02DA,Analgesics and anesthetics,No DDDs are assigned in this group.,S02DA02,cocaine,NA,NA,NA,NA,NA,NA,NA,NA,NA
S,SENSORY ORGANS,S02,OTOLOGICALS,S02D,OTHER OTOLOGICALS,S02DA,Analgesics and anesthetics,No DDDs are assigned in this group.,S02DA03,phenazone,NA,NA,NA,NA,NA,NA,NA,NA,NA
S,SENSORY ORGANS,S02,OTOLOGICALS,S02D,OTHER OTOLOGICALS,S02DA,Analgesics and anesthetics,No DDDs are assigned in this group.,S02DA04,cinchocaine,NA,NA,NA,NA,NA,NA,NA,NA,NA
S,SENSORY ORGANS,S02,OTOLOGICALS,S02D,OTHER OTOLOGICALS,S02DA,Analgesics and anesthetics,No DDDs are assigned in this group.,S02DA30,combinations,NA,NA,NA,NA,NA,NA,NA,NA,NA
S,SENSORY ORGANS,S02,OTOLOGICALS,S02D,OTHER OTOLOGICALS,S02DC,Indifferent preparations,NA,NA,NA,NA,NA,NA,NA,NA,NA,NA,NA,NA
S,SENSORY ORGANS,S03,OPHTHALMOLOGICAL AND OTOLOGICAL PREPARATIONS,S03A,ANTIINFECTIVES,S03AA,Antiinfectives,No DDDs are assigned in this group.,S03AA01,neomycin,NA,NA,NA,NA,NA,NA,NA,NA,NA
S,SENSORY ORGANS,S03,OPHTHALMOLOGICAL AND OTOLOGICAL PREPARATIONS,S03A,ANTIINFECTIVES,S03AA,Antiinfectives,No DDDs are assigned in this group.,S03AA02,tetracycline,NA,NA,NA,NA,NA,NA,NA,NA,NA
S,SENSORY ORGANS,S03,OPHTHALMOLOGICAL AND OTOLOGICAL PREPARATIONS,S03A,ANTIINFECTIVES,S03AA,Antiinfectives,No DDDs are assigned in this group.,S03AA03,polymyxin B,NA,NA,NA,NA,NA,NA,NA,NA,NA
S,SENSORY ORGANS,S03,OPHTHALMOLOGICAL AND OTOLOGICAL PREPARATIONS,S03A,ANTIINFECTIVES,S03AA,Antiinfectives,No DDDs are assigned in this group.,S03AA04,chlorhexidine,NA,NA,NA,NA,NA,NA,NA,NA,NA
S,SENSORY ORGANS,S03,OPHTHALMOLOGICAL AND OTOLOGICAL PREPARATIONS,S03A,ANTIINFECTIVES,S03AA,Antiinfectives,No DDDs are assigned in this group.,S03AA05,hexamidine,NA,NA,NA,NA,NA,NA,NA,NA,NA
S,SENSORY ORGANS,S03,OPHTHALMOLOGICAL AND OTOLOGICAL PREPARATIONS,S03A,ANTIINFECTIVES,S03AA,Antiinfectives,No DDDs are assigned in this group.,S03AA06,gentamicin,NA,NA,NA,NA,NA,NA,NA,NA,NA
S,SENSORY ORGANS,S03,OPHTHALMOLOGICAL AND OTOLOGICAL PREPARATIONS,S03A,ANTIINFECTIVES,S03AA,Antiinfectives,No DDDs are assigned in this group.,S03AA07,ciprofloxacin,NA,NA,NA,NA,NA,NA,NA,NA,NA
S,SENSORY ORGANS,S03,OPHTHALMOLOGICAL AND OTOLOGICAL PREPARATIONS,S03A,ANTIINFECTIVES,S03AA,Antiinfectives,No DDDs are assigned in this group.,S03AA08,chloramphenicol,NA,NA,NA,NA,NA,NA,NA,NA,NA
S,SENSORY ORGANS,S03,OPHTHALMOLOGICAL AND OTOLOGICAL PREPARATIONS,S03A,ANTIINFECTIVES,S03AA,Antiinfectives,No DDDs are assigned in this group.,S03AA30,"antiinfectives, combinations",NA,NA,NA,NA,NA,NA,NA,NA,NA
S,SENSORY ORGANS,S03,OPHTHALMOLOGICAL AND OTOLOGICAL PREPARATIONS,S03B,CORTICOSTEROIDS,S03BA,Corticosteroids,No DDDs are assigned in this group.,S03BA01,dexamethasone,NA,NA,NA,NA,NA,NA,NA,NA,NA
S,SENSORY ORGANS,S03,OPHTHALMOLOGICAL AND OTOLOGICAL PREPARATIONS,S03B,CORTICOSTEROIDS,S03BA,Corticosteroids,No DDDs are assigned in this group.,S03BA02,prednisolone,NA,NA,NA,NA,NA,NA,NA,NA,NA
S,SENSORY ORGANS,S03,OPHTHALMOLOGICAL AND OTOLOGICAL PREPARATIONS,S03B,CORTICOSTEROIDS,S03BA,Corticosteroids,No DDDs are assigned in this group.,S03BA03,betamethasone,NA,NA,NA,NA,NA,NA,NA,NA,NA
S,SENSORY ORGANS,S03,OPHTHALMOLOGICAL AND OTOLOGICAL PREPARATIONS,S03C,CORTICOSTEROIDS AND ANTIINFECTIVES IN COMBINATION,S03CA,Corticosteroids and antiinfectives in combination,No DDDs are assigned in this group.,S03CA01,dexamethasone and antiinfectives,NA,NA,NA,NA,NA,NA,NA,NA,NA
S,SENSORY ORGANS,S03,OPHTHALMOLOGICAL AND OTOLOGICAL PREPARATIONS,S03C,CORTICOSTEROIDS AND ANTIINFECTIVES IN COMBINATION,S03CA,Corticosteroids and antiinfectives in combination,No DDDs are assigned in this group.,S03CA02,prednisolone and antiinfectives,NA,NA,NA,NA,NA,NA,NA,NA,NA
S,SENSORY ORGANS,S03,OPHTHALMOLOGICAL AND OTOLOGICAL PREPARATIONS,S03C,CORTICOSTEROIDS AND ANTIINFECTIVES IN COMBINATION,S03CA,Corticosteroids and antiinfectives in combination,No DDDs are assigned in this group.,S03CA04,hydrocortisone and antiinfectives,NA,NA,NA,NA,NA,NA,NA,NA,NA
S,SENSORY ORGANS,S03,OPHTHALMOLOGICAL AND OTOLOGICAL PREPARATIONS,S03C,CORTICOSTEROIDS AND ANTIINFECTIVES IN COMBINATION,S03CA,Corticosteroids and antiinfectives in combination,No DDDs are assigned in this group.,S03CA05,fludrocortisone and antiinfectives,NA,NA,NA,NA,NA,NA,NA,NA,NA
S,SENSORY ORGANS,S03,OPHTHALMOLOGICAL AND OTOLOGICAL PREPARATIONS,S03C,CORTICOSTEROIDS AND ANTIINFECTIVES IN COMBINATION,S03CA,Corticosteroids and antiinfectives in combination,No DDDs are assigned in this group.,S03CA06,betamethasone and antiinfectives,NA,NA,NA,NA,NA,NA,NA,NA,NA
S,SENSORY ORGANS,S03,OPHTHALMOLOGICAL AND OTOLOGICAL PREPARATIONS,S03C,CORTICOSTEROIDS AND ANTIINFECTIVES IN COMBINATION,S03CA,Corticosteroids and antiinfectives in combination,No DDDs are assigned in this group.,S03CA07,methylprednisolone and antiinfectives,NA,NA,NA,NA,NA,NA,NA,NA,NA
S,SENSORY ORGANS,S03,OPHTHALMOLOGICAL AND OTOLOGICAL PREPARATIONS,S03D,OTHER OPHTHALMOLOGICAL AND OTOLOGICAL PREPARATIONS,NA,NA,NA,NA,NA,NA,NA,NA,NA,NA,NA,NA,NA,NA
